Month,Ward_ID,Avg_Temperature,Rainfall_mm,Weather_Shock
2024-05,1,29.8,128.5,None
2024-05,2,30.2,115.1,None
2024-05,3,29.5,135.2,None
2024-05,4,30.5,109.8,None
2024-05,5,29.1,140.3,None
2024-05,6,33.7,85.5,Heatwave
2024-05,7,30.0,121.7,None
2024-05,8,29.6,127.9,None
2024-05,9,30.3,112.4,None
2024-05,10,29.4,136.8,None
2024-05,11,30.8,105.6,None
2024-05,12,29.2,138.9,None
2024-05,13,30.1,118.0,None
2024-05,14,29.7,125.0,None
2024-05,15,30.6,108.3,None
2024-05,16,29.3,137.5,None
2024-05,17,30.4,111.1,None
2024-05,18,29.0,141.6,None
2024-05,19,30.7,106.9,None
2024-05,20,29.9,123.4,None
2024-05,21,29.6,131.0,None
2024-05,22,30.2,116.5,None
2024-05,23,29.5,134.3,None
2024-05,24,30.9,104.2,None
2024-05,25,29.1,139.6,None
2024-05,26,30.0,120.1,None
2024-05,27,29.8,126.7,None
2024-05,28,30.5,110.5,None
2024-05,29,29.4,135.9,None
2024-05,30,30.3,113.8,None
2024-05,31,29.2,138.2,None
2024-05,32,30.6,107.6,None
2024-05,33,29.7,124.3,None
2024-05,34,30.1,119.4,None
2024-05,35,29.5,133.0,None
2024-05,36,30.8,106.3,None
2024-05,37,29.3,137.1,None
2024-05,38,30.4,111.8,None
2024-05,39,29.0,140.9,None
2024-05,40,30.7,107.2,None
2024-05,41,29.9,122.7,None
2024-05,42,29.6,130.3,None
2024-05,43,30.2,117.2,None
2024-05,44,29.5,133.6,None
2024-05,45,30.9,104.9,None
2024-05,46,29.1,139.2,None
2024-05,47,30.0,120.8,None
2024-05,48,29.8,127.4,None
2024-05,49,30.5,110.2,None
2024-05,50,29.4,136.6,None
2024-05,51,30.3,114.5,None
2024-05,52,29.2,138.5,None
2024-05,53,30.6,108.0,None
2024-05,54,29.7,124.0,None
2024-05,55,30.1,118.7,None
2024-05,56,29.5,132.3,None
2024-05,57,30.8,105.9,None
2024-05,58,29.3,137.8,None
2024-05,59,30.4,112.5,None
2024-05,60,29.0,141.3,None
2024-05,61,30.7,107.5,None
2024-05,62,29.9,123.1,None
2024-05,63,29.6,130.6,None
2024-05,64,30.2,117.9,None
2024-05,65,29.5,133.9,None
2024-05,66,30.9,105.2,None
2024-05,67,29.1,139.9,None
2024-05,68,30.0,121.5,None
2024-05,69,29.8,128.1,None
2024-05,70,30.5,110.9,None
2024-05,71,29.4,136.2,None
2024-05,72,30.3,115.2,None
2024-05,73,29.2,138.1,None
2024-05,74,30.6,108.7,None
2024-05,75,29.7,124.7,None
2024-05,76,30.1,119.0,None
2024-05,77,29.5,132.6,None
2024-05,78,30.8,106.6,None
2024-05,79,29.3,137.4,None
2024-05,80,30.4,112.1,None
2024-05,81,29.0,140.6,None
2024-05,82,30.7,107.8,None
2024-05,83,29.9,123.8,None
2024-05,84,29.6,131.3,None
2024-05,85,30.2,118.3,None
2024-05,86,29.5,134.6,None
2024-05,87,30.9,105.5,None
2024-05,88,29.1,139.5,None
2024-05,89,30.0,121.1,None
2024-05,90,29.8,127.7,None
2024-05,91,30.5,110.6,None
2024-05,92,29.4,135.5,None
2024-05,93,30.3,114.9,None
2024-05,94,29.2,138.8,None
2024-05,95,30.6,109.4,None
2024-05,96,29.7,125.4,None
2024-05,97,30.1,119.7,None
2024-05,98,29.5,132.9,None
2024-05,99,30.8,106.0,None
2024-05,100,29.3,136.7,None
2024-05,101,30.4,112.8,None
2024-05,102,29.0,140.2,None
2024-05,103,30.7,108.5,None
2024-05,104,29.9,122.1,None
2024-05,105,29.6,129.6,None
2024-05,106,30.2,116.8,None
2024-05,107,29.5,133.3,None
2024-05,108,30.9,104.5,None
2024-05,109,29.1,140.0,None
2024-05,110,30.0,121.8,None
2024-05,111,29.8,128.4,None
2024-05,112,30.5,109.1,None
2024-05,113,29.4,135.1,None
2024-05,114,30.3,115.6,None
2024-05,115,29.2,139.1,None
2024-05,116,30.6,109.0,None
2024-05,117,29.7,125.1,None
2024-05,118,30.1,118.4,None
2024-05,119,29.5,132.0,None
2024-05,120,30.8,105.3,None
2024-05,121,29.3,137.0,None
2024-05,122,30.4,113.5,None
2024-05,123,29.0,141.0,None
2024-05,124,30.7,108.1,None
2024-05,125,29.9,122.4,None
2024-05,126,29.6,129.9,None
2024-05,127,30.2,117.5,None
2024-05,128,29.5,133.9,None
2024-05,129,30.9,104.8,None
2024-05,130,29.1,139.3,None
2024-05,131,30.0,120.4,None
2024-05,132,29.8,127.0,None
2024-05,133,30.5,109.9,None
2024-05,134,29.4,134.8,None
2024-05,135,30.3,115.9,None
2024-05,136,29.2,139.4,None
2024-05,137,30.6,108.6,None
2024-05,138,29.7,124.4,None
2024-05,139,30.1,118.1,None
2024-05,140,29.5,131.7,None
2024-05,141,30.8,105.0,None
2024-05,142,29.3,136.3,None
2024-05,143,30.4,113.2,None
2024-05,144,29.0,141.4,None
2024-05,145,30.7,108.8,None
2024-05,146,29.9,122.8,None
2024-05,147,29.6,130.2,None
2024-05,148,30.2,117.1,None
2024-05,149,29.5,134.0,None
2024-05,150,30.9,104.1,None
2024-05,151,29.1,139.0,None
2024-05,152,30.0,120.0,None
2024-05,153,29.8,126.3,None
2024-05,154,30.5,109.5,None
2024-05,155,29.4,134.4,None
2024-05,156,30.3,116.3,None
2024-05,157,29.2,139.7,None
2024-05,158,30.6,109.3,None
2024-05,159,29.7,125.7,None
2024-05,160,30.1,119.8,None
2024-05,161,29.5,132.2,None
2024-05,162,30.8,105.7,None
2024-05,163,29.3,136.0,None
2024-05,164,30.4,113.1,None
2024-05,165,29.0,140.7,None
2024-05,166,30.7,108.2,None
2024-05,167,29.9,122.5,None
2024-05,168,29.6,129.5,None
2024-05,169,30.2,116.4,None
2024-05,170,29.5,133.7,None
2024-05,171,30.9,104.6,None
2024-05,172,29.1,140.4,None
2024-05,173,30.0,121.3,None
2024-05,174,29.8,128.0,None
2024-05,175,30.5,110.3,None
2024-05,176,29.4,135.6,None
2024-05,177,30.3,114.1,None
2024-05,178,29.2,138.3,None
2024-05,179,30.6,108.9,None
2024-05,180,29.7,124.9,None
2024-05,181,30.1,118.6,None
2024-05,182,29.5,131.9,None
2024-05,183,30.8,105.4,None
2024-05,184,29.3,136.9,None
2024-05,185,30.4,113.4,None
2024-05,186,29.0,141.1,None
2024-05,187,30.7,108.4,None
2024-05,188,29.9,122.2,None
2024-05,189,29.6,129.8,None
2024-05,190,30.2,117.6,None
2024-05,191,29.5,134.1,None
2024-05,192,30.9,104.4,None
2024-05,193,29.1,139.8,None
2024-05,194,30.0,120.3,None
2024-05,195,29.8,126.9,None
2024-05,196,30.5,109.7,None
2024-05,197,29.4,134.7,None
2024-05,198,30.3,115.5,None
2024-06,1,26.8,158.5,None
2024-06,2,27.2,145.1,None
2024-06,3,26.5,165.2,None
2024-06,4,27.5,139.8,None
2024-06,5,26.1,170.3,None
2024-06,6,27.7,135.5,None
2024-06,7,27.0,151.7,None
2024-06,8,26.6,157.9,None
2024-06,9,27.3,142.4,None
2024-06,10,26.4,166.8,None
2024-06,11,27.8,135.6,None
2024-06,12,26.2,168.9,None
2024-06,13,27.1,148.0,None
2024-06,14,26.7,155.0,None
2024-06,15,27.6,138.3,None
2024-06,16,26.3,167.5,None
2024-06,17,27.4,141.1,None
2024-06,18,26.0,171.6,None
2024-06,19,27.7,136.9,None
2024-06,20,26.9,153.4,None
2024-06,21,26.6,161.0,None
2024-06,22,27.2,146.5,None
2024-06,23,26.5,164.3,None
2024-06,24,27.9,134.2,None
2024-06,25,26.1,169.6,None
2024-06,26,27.0,150.1,None
2024-06,27,26.8,156.7,None
2024-06,28,27.5,140.5,None
2024-06,29,26.4,165.9,None
2024-06,30,27.3,143.8,None
2024-06,31,26.2,168.2,None
2024-06,32,27.6,137.6,None
2024-06,33,26.7,154.3,None
2024-06,34,27.1,149.4,None
2024-06,35,26.5,163.0,None
2024-06,36,27.8,136.3,None
2024-06,37,26.3,167.1,None
2024-06,38,27.4,141.8,None
2024-06,39,26.0,170.9,None
2024-06,40,27.7,137.2,None
2024-06,41,24.9,252.7,Extreme_Rainfall
2024-06,42,26.8,159.2,None
2024-06,43,27.1,147.3,None
2024-06,44,26.7,156.4,None
2024-06,45,27.6,138.7,None
2024-06,46,26.3,166.1,None
2024-06,47,27.5,140.1,None
2024-06,48,26.2,168.5,None
2024-06,49,27.2,145.8,None
2024-06,50,26.9,152.9,None
2024-06,51,26.6,160.3,None
2024-06,52,27.4,142.1,None
2024-06,53,26.4,165.5,None
2024-06,54,27.8,134.8,None
2024-06,55,26.1,170.0,None
2024-06,56,27.0,150.8,None
2024-06,57,26.8,155.3,None
2024-06,58,27.3,143.2,None
2024-06,59,26.5,164.7,None
2024-06,60,27.9,133.5,None
2024-06,61,26.2,169.3,None
2024-06,62,27.1,148.7,None
2024-06,63,26.7,157.1,None
2024-06,64,27.6,139.1,None
2024-06,65,26.3,166.5,None
2024-06,66,27.4,141.5,None
2024-06,67,26.0,171.2,None
2024-06,68,27.7,136.5,None
2024-06,69,26.9,153.1,None
2024-06,70,26.6,161.4,None
2024-06,71,27.2,146.1,None
2024-06,72,26.5,163.9,None
2024-06,73,27.9,134.6,None
2024-06,74,26.1,169.9,None
2024-06,75,27.0,150.5,None
2024-06,76,26.8,156.1,None
2024-06,77,27.5,140.9,None
2024-06,78,26.4,165.6,None
2024-06,79,27.3,144.2,None
2024-06,80,26.2,168.6,None
2024-06,81,27.6,138.0,None
2024-06,82,26.7,154.7,None
2024-06,83,27.1,149.1,None
2024-06,84,26.5,162.6,None
2024-06,85,27.8,136.7,None
2024-06,86,26.3,167.9,None
2024-06,87,27.4,142.2,None
2024-06,88,26.0,170.5,None
2024-06,89,27.7,137.6,None
2024-06,90,26.9,152.7,None
2024-06,91,26.6,160.7,None
2024-06,92,27.2,146.9,None
2024-06,93,26.5,163.5,None
2024-06,94,27.9,135.0,None
2024-06,95,26.1,170.2,None
2024-06,96,27.0,151.2,None
2024-06,97,26.8,155.7,None
2024-06,98,27.5,141.3,None
2024-06,99,26.4,165.3,None
2024-06,100,27.3,144.6,None
2024-06,101,26.2,168.1,None
2024-06,102,27.6,138.4,None
2024-06,103,26.7,154.0,None
2024-06,104,27.1,148.4,None
2024-06,105,26.5,162.2,None
2024-06,106,27.8,137.1,None
2024-06,107,26.3,168.3,None
2024-06,108,27.4,142.6,None
2024-06,109,26.0,170.1,None
2024-06,110,27.7,138.0,None
2024-06,111,26.9,152.3,None
2024-06,112,26.6,160.0,None
2024-06,113,27.2,147.3,None
2024-06,114,26.5,163.1,None
2024-06,115,27.9,135.4,None
2024-06,116,26.1,170.6,None
2024-06,117,27.0,151.6,None
2024-06,118,26.8,155.1,None
2024-06,119,27.5,141.7,None
2024-06,120,26.4,164.9,None
2024-06,121,27.3,145.0,None
2024-06,122,26.2,167.7,None
2024-06,123,27.6,138.8,None
2024-06,124,26.7,153.6,None
2024-06,125,27.1,148.1,None
2024-06,126,26.5,161.8,None
2024-06,127,27.8,137.5,None
2024-06,128,26.3,168.7,None
2024-06,129,27.4,143.0,None
2024-06,130,26.0,169.7,None
2024-06,131,27.7,138.4,None
2024-06,132,26.9,151.9,None
2024-06,133,26.6,159.6,None
2024-06,134,27.2,147.7,None
2024-06,135,26.5,162.7,None
2024-06,136,27.9,135.8,None
2024-06,137,26.1,171.0,None
2024-06,138,27.0,152.0,None
2024-06,139,26.8,154.7,None
2024-06,140,27.5,142.1,None
2024-06,141,26.4,164.5,None
2024-06,142,27.3,145.4,None
2024-06,143,26.2,167.3,None
2024-06,144,27.6,139.2,None
2024-06,145,26.7,153.2,None
2024-06,146,27.1,147.8,None
2024-06,147,26.5,161.5,None
2024-06,148,27.8,137.9,None
2024-06,149,26.3,169.1,None
2024-06,150,27.4,143.4,None
2024-06,151,26.0,169.3,None
2024-06,152,27.7,138.8,None
2024-06,153,26.9,151.5,None
2024-06,154,26.6,159.2,None
2024-06,155,27.2,148.1,None
2024-06,156,26.5,162.3,None
2024-06,157,27.9,136.2,None
2024-06,158,26.1,171.4,None
2024-06,159,27.0,152.4,None
2024-06,160,26.8,154.3,None
2024-06,161,27.5,142.5,None
2024-06,162,26.4,164.1,None
2024-06,163,27.3,145.8,None
2024-06,164,26.2,166.9,None
2024-06,165,27.6,139.6,None
2024-06,166,26.7,152.8,None
2024-06,167,27.1,147.4,None
2024-06,168,26.5,161.1,None
2024-06,169,27.8,138.3,None
2024-06,170,26.3,169.5,None
2024-06,171,27.4,143.8,None
2024-06,172,26.0,168.9,None
2024-06,173,27.7,139.2,None
2024-06,174,26.9,151.1,None
2024-06,175,26.6,158.8,None
2024-06,176,27.2,148.5,None
2024-06,177,26.5,161.9,None
2024-06,178,27.9,136.6,None
2024-06,179,26.1,171.8,None
2024-06,180,27.0,152.8,None
2024-06,181,26.8,153.9,None
2024-06,182,27.5,142.9,None
2024-06,183,26.4,163.7,None
2024-06,184,27.3,146.2,None
2024-06,185,26.2,166.5,None
2024-06,186,27.6,140.0,None
2024-06,187,26.7,152.4,None
2024-06,188,27.1,147.0,None
2024-06,189,26.5,160.7,None
2024-06,190,27.8,138.7,None
2024-06,191,26.3,169.9,None
2024-06,192,27.4,144.2,None
2024-06,193,26.0,168.5,None
2024-06,194,27.7,139.6,None
2024-06,195,26.9,150.7,None
2024-06,196,26.6,158.4,None
2024-06,197,27.2,148.9,None
2024-06,198,26.5,161.5,None
2024-07,1,26.2,165.1,None
2024-07,2,26.6,158.8,None
2024-07,3,25.9,171.9,None
2024-07,4,26.9,153.5,None
2024-07,5,25.5,176.6,None
2024-07,6,27.1,148.2,None
2024-07,7,26.4,160.4,None
2024-07,8,26.0,169.6,None
2024-07,9,26.7,156.1,None
2024-07,10,25.8,173.3,None
2024-07,11,27.2,147.0,None
2024-07,12,25.6,175.4,None
2024-07,13,26.5,158.1,None
2024-07,14,26.1,167.3,None
2024-07,15,27.0,151.0,None
2024-07,16,25.7,174.0,None
2024-07,17,26.8,154.8,None
2024-07,18,25.4,177.3,None
2024-07,19,27.3,146.3,None
2024-07,20,26.3,162.1,None
2024-07,21,26.0,170.3,None
2024-07,22,26.6,157.5,None
2024-07,23,25.9,172.6,None
2024-07,24,27.4,145.6,None
2024-07,25,25.5,176.2,None
2024-07,26,26.4,161.1,None
2024-07,27,26.2,166.5,None
2024-07,28,26.9,154.2,None
2024-07,29,25.8,173.0,None
2024-07,30,26.7,156.8,None
2024-07,31,25.6,174.7,None
2024-07,32,27.1,148.9,None
2024-07,33,26.3,163.4,None
2024-07,34,26.5,159.5,None
2024-07,35,26.0,171.0,None
2024-07,36,27.2,147.7,None
2024-07,37,25.7,174.3,None
2024-07,38,26.8,155.5,None
2024-07,39,25.4,177.0,None
2024-07,40,27.3,146.7,None
2024-07,41,26.1,164.0,None
2024-07,42,26.6,158.3,None
2024-07,43,25.9,172.3,None
2024-07,44,26.9,153.1,None
2024-07,45,25.5,176.9,None
2024-07,46,27.1,149.3,None
2024-07,47,26.4,160.0,None
2024-07,48,26.0,169.2,None
2024-07,49,26.7,156.5,None
2024-07,50,25.8,173.7,None
2024-07,51,27.2,147.4,None
2024-07,52,25.6,175.0,None
2024-07,53,26.5,158.5,None
2024-07,54,26.1,167.7,None
2024-07,55,27.0,151.4,None
2024-07,56,25.7,174.4,None
2024-07,57,26.8,155.2,None
2024-07,58,25.4,177.7,None
2024-07,59,27.3,146.0,None
2024-07,60,26.3,162.5,None
2024-07,61,24.0,270.7,Extreme_Rainfall
2024-07,62,26.6,157.1,None
2024-07,63,25.9,172.9,None
2024-07,64,26.9,153.8,None
2024-07,65,25.5,176.5,None
2024-07,66,27.1,149.7,None
2024-07,67,26.4,160.8,None
2024-07,68,26.0,168.8,None
2024-07,69,26.7,157.2,None
2024-07,70,25.8,173.9,None
2024-07,71,27.2,148.1,None
2024-07,72,25.6,175.8,None
2024-07,73,26.5,159.2,None
2024-07,74,26.1,167.0,None
2024-07,75,27.0,151.8,None
2024-07,76,25.7,174.8,None
2024-07,77,26.8,155.9,None
2024-07,78,25.4,177.9,None
2024-07,79,27.3,146.4,None
2024-07,80,26.3,163.2,None
2024-07,81,26.0,170.0,None
2024-07,82,26.6,157.8,None
2024-07,83,25.9,172.2,None
2024-07,84,26.9,154.5,None
2024-07,85,25.5,176.1,None
2024-07,86,27.1,150.1,None
2024-07,87,26.4,161.5,None
2024-07,88,26.0,169.9,None
2024-07,89,26.7,157.6,None
2024-07,90,25.8,173.2,None
2024-07,91,27.2,148.5,None
2024-07,92,25.6,175.3,None
2024-07,93,26.5,159.6,None
2024-07,94,26.1,166.6,None
2024-07,95,27.0,152.2,None
2024-07,96,25.7,174.1,None
2024-07,97,26.8,156.3,None
2024-07,98,25.4,177.6,None
2024-07,99,27.3,146.8,None
2024-07,100,26.3,163.6,None
2024-07,101,26.0,169.5,None
2024-07,102,26.6,158.2,None
2024-07,103,25.9,171.8,None
2024-07,104,26.9,154.9,None
2024-07,105,25.5,175.7,None
2024-07,106,27.1,150.5,None
2024-07,107,26.4,161.9,None
2024-07,108,26.0,169.1,None
2024-07,109,26.7,158.0,None
2024-07,110,25.8,172.8,None
2024-07,111,27.2,149.2,None
2024-07,112,25.6,174.9,None
2024-07,113,26.5,160.0,None
2024-07,114,26.1,166.2,None
2024-07,115,27.0,152.6,None
2024-07,116,25.7,173.7,None
2024-07,117,26.8,156.7,None
2024-07,118,25.4,177.2,None
2024-07,119,27.3,147.2,None
2024-07,120,26.3,164.0,None
2024-07,121,26.0,168.7,None
2024-07,122,26.6,158.6,None
2024-07,123,25.9,171.4,None
2024-07,124,26.9,155.3,None
2024-07,125,25.5,175.3,None
2024-07,126,27.1,150.9,None
2024-07,127,26.4,162.3,None
2024-07,128,26.0,168.3,None
2024-07,129,26.7,158.4,None
2024-07,130,25.8,172.4,None
2024-07,131,27.2,149.6,None
2024-07,132,25.6,174.5,None
2024-07,133,26.5,160.4,None
2024-07,134,26.1,165.8,None
2024-07,135,27.0,153.0,None
2024-07,136,25.7,173.3,None
2024-07,137,26.8,157.1,None
2024-07,138,25.4,176.8,None
2024-07,139,27.3,147.6,None
2024-07,140,26.3,164.4,None
2024-07,141,26.0,168.0,None
2024-07,142,26.6,159.0,None
2024-07,143,25.9,171.0,None
2024-07,144,26.9,155.7,None
2024-07,145,25.5,174.9,None
2024-07,146,27.1,151.3,None
2024-07,147,26.4,162.7,None
2024-07,148,26.0,167.6,None
2024-07,149,26.7,158.8,None
2024-07,150,25.8,172.0,None
2024-07,151,27.2,150.0,None
2024-07,152,25.6,174.2,None
2024-07,153,26.5,160.8,None
2024-07,154,26.1,165.4,None
2024-07,155,27.0,153.4,None
2024-07,156,25.7,172.9,None
2024-07,157,26.8,157.5,None
2024-07,158,25.4,176.4,None
2024-07,159,27.3,148.0,None
2024-07,160,26.3,164.8,None
2024-07,161,26.0,167.2,None
2024-07,162,26.6,159.4,None
2024-07,163,25.9,170.6,None
2024-07,164,26.9,156.1,None
2024-07,165,25.5,174.5,None
2024-07,166,27.1,151.7,None
2024-07,167,26.4,163.1,None
2024-07,168,26.0,167.2,None
2024-07,169,26.7,159.2,None
2024-07,170,25.8,171.6,None
2024-07,171,27.2,150.4,None
2024-07,172,25.6,173.8,None
2024-07,173,26.5,161.2,None
2024-07,174,26.1,165.0,None
2024-07,175,27.0,153.8,None
2024-07,176,25.7,172.5,None
2024-07,177,26.8,157.9,None
2024-07,178,25.4,176.0,None
2024-07,179,27.3,148.4,None
2024-07,180,26.3,165.2,None
2024-07,181,26.0,166.8,None
2024-07,182,26.6,159.8,None
2024-07,183,25.9,170.2,None
2024-07,184,26.9,156.5,None
2024-07,185,25.5,174.1,None
2024-07,186,27.1,152.1,None
2024-07,187,26.4,163.5,None
2024-07,188,26.0,166.8,None
2024-07,189,26.7,159.6,None
2024-07,190,25.8,171.2,None
2024-07,191,27.2,150.8,None
2024-07,192,25.6,173.4,None
2024-07,193,26.5,161.6,None
2024-07,194,26.1,164.6,None
2024-07,195,27.0,154.2,None
2024-07,196,25.7,172.1,None
2024-07,197,26.8,158.3,None
2024-07,198,25.4,175.6,None
2024-08,1,25.9,178.2,None
2024-08,2,26.3,171.9,None
2024-08,3,25.6,184.9,None
2024-08,4,26.6,165.5,None
2024-08,5,25.2,190.6,None
2024-08,6,26.8,160.2,None
2024-08,7,26.1,173.7,None
2024-08,8,25.7,181.6,None
2024-08,9,26.4,168.1,None
2024-08,10,25.5,186.3,None
2024-08,11,26.9,159.0,None
2024-08,12,25.3,188.4,None
2024-08,13,26.2,170.0,None
2024-08,14,25.8,179.3,None
2024-08,15,23.7,283.0,Extreme_Rainfall
2024-08,16,25.4,187.0,None
2024-08,17,26.5,166.8,None
2024-08,18,25.1,191.3,None
2024-08,19,27.0,158.3,None
2024-08,20,26.0,175.4,None
2024-08,21,25.7,182.3,None
2024-08,22,26.3,169.5,None
2024-08,23,25.6,185.6,None
2024-08,24,27.1,157.6,None
2024-08,25,25.2,190.2,None
2024-08,26,26.1,174.1,None
2024-08,27,25.9,179.9,None
2024-08,28,26.6,166.2,None
2024-08,29,25.5,186.0,None
2024-08,30,26.4,168.8,None
2024-08,31,25.3,187.7,None
2024-08,32,26.8,161.9,None
2024-08,33,25.8,180.3,None
2024-08,34,26.2,172.4,None
2024-08,35,25.7,183.0,None
2024-08,36,26.9,159.7,None
2024-08,37,25.4,187.3,None
2024-08,38,26.5,167.5,None
2024-08,39,25.1,190.9,None
2024-08,40,27.0,158.7,None
2024-08,41,25.9,176.1,None
2024-08,42,26.3,170.5,None
2024-08,43,25.6,185.3,None
2024-08,44,26.6,165.1,None
2024-08,45,25.2,191.0,None
2024-08,46,26.8,160.6,None
2024-08,47,26.1,173.3,None
2024-08,48,25.7,181.2,None
2024-08,49,26.4,168.5,None
2024-08,50,25.5,186.7,None
2024-08,51,26.9,159.4,None
2024-08,52,25.3,188.0,None
2024-08,53,26.2,170.4,None
2024-08,54,25.8,178.9,None
2024-08,55,26.7,162.0,None
2024-08,56,25.4,187.4,None
2024-08,57,26.5,167.2,None
2024-08,58,25.1,191.7,None
2024-08,59,27.0,158.0,None
2024-08,60,26.0,175.1,None
2024-08,61,25.7,182.7,None
2024-08,62,26.3,169.1,None
2024-08,63,25.6,185.9,None
2024-08,64,26.9,157.3,None
2024-08,65,25.2,190.5,None
2024-08,66,26.8,161.0,None
2024-08,67,26.1,174.5,None
2024-08,68,25.9,180.7,None
2024-08,69,26.6,166.6,None
2024-08,70,25.5,186.4,None
2024-08,71,26.4,168.4,None
2024-08,72,25.3,187.3,None
2024-08,73,26.8,162.3,None
2024-08,74,25.8,180.0,None
2024-08,75,26.2,172.8,None
2024-08,76,25.7,183.4,None
2024-08,77,26.9,160.1,None
2024-08,78,25.4,186.9,None
2024-08,79,26.5,167.9,None
2024-08,80,25.1,191.4,None
2024-08,81,27.0,158.4,None
2024-08,82,26.0,175.5,None
2024-08,83,25.7,182.0,None
2024-08,84,26.3,169.9,None
2024-08,85,25.6,185.2,None
2024-08,86,26.9,157.7,None
2024-08,87,25.2,190.8,None
2024-08,88,26.8,161.4,None
2024-08,89,26.1,174.9,None
2024-08,90,25.9,181.1,None
2024-08,91,26.6,166.9,None
2024-08,92,25.5,186.8,None
2024-08,93,26.4,168.0,None
2024-08,94,25.3,187.8,None
2024-08,95,26.8,162.7,None
2024-08,96,25.8,179.6,None
2024-08,97,26.2,173.2,None
2024-08,98,25.7,183.8,None
2024-08,99,26.9,160.5,None
2024-08,100,25.4,186.5,None
2024-08,101,26.5,168.3,None
2024-08,102,25.1,191.8,None
2024-08,103,27.0,158.8,None
2024-08,104,26.0,175.9,None
2024-08,105,25.7,181.6,None
2024-08,106,26.3,170.3,None
2024-08,107,25.6,184.8,None
2024-08,108,26.9,158.1,None
2024-08,109,25.2,191.2,None
2024-08,110,26.8,161.8,None
2024-08,111,26.1,175.3,None
2024-08,112,25.9,181.5,None
2024-08,113,26.6,167.3,None
2024-08,114,25.5,187.2,None
2024-08,115,26.4,167.6,None
2024-08,116,25.3,188.2,None
2024-08,117,26.8,163.1,None
2024-08,118,25.8,179.2,None
2024-08,119,26.2,173.6,None
2024-08,120,25.7,184.2,None
2024-08,121,26.9,160.9,None
2024-08,122,25.4,186.1,None
2024-08,123,26.5,168.7,None
2024-08,124,25.1,192.2,None
2024-08,125,27.0,159.2,None
2024-08,126,26.0,176.3,None
2024-08,127,25.7,181.2,None
2024-08,128,26.3,170.7,None
2024-08,129,25.6,184.4,None
2024-08,130,26.9,158.5,None
2024-08,131,25.2,191.6,None
2024-08,132,26.8,162.2,None
2024-08,133,26.1,175.7,None
2024-08,134,25.9,181.9,None
2024-08,135,26.6,167.7,None
2024-08,136,25.5,187.6,None
2024-08,137,26.4,167.2,None
2024-08,138,25.3,188.6,None
2024-08,139,26.8,163.5,None
2024-08,140,25.8,178.8,None
2024-08,141,26.2,174.0,None
2024-08,142,25.7,184.6,None
2024-08,143,26.9,161.3,None
2024-08,144,25.4,185.7,None
2024-08,145,26.5,169.1,None
2024-08,146,25.1,192.6,None
2024-08,147,27.0,159.6,None
2024-08,148,26.0,176.7,None
2024-08,149,25.7,180.8,None
2024-08,150,26.3,171.1,None
2024-08,151,25.6,184.0,None
2024-08,152,26.9,158.9,None
2024-08,153,25.2,192.0,None
2024-08,154,26.8,162.6,None
2024-08,155,26.1,176.1,None
2024-08,156,25.9,182.3,None
2024-08,157,26.6,168.1,None
2024-08,158,25.5,188.0,None
2024-08,159,26.4,166.8,None
2024-08,160,25.3,189.0,None
2024-08,161,26.8,163.9,None
2024-08,162,25.8,178.4,None
2024-08,163,26.2,174.4,None
2024-08,164,25.7,185.0,None
2024-08,165,26.9,161.7,None
2024-08,166,25.4,185.3,None
2024-08,167,26.5,169.5,None
2024-08,168,25.1,193.0,None
2024-08,169,27.0,160.0,None
2024-08,170,26.0,177.1,None
2024-08,171,25.7,180.4,None
2024-08,172,26.3,171.5,None
2024-08,173,25.6,183.6,None
2024-08,174,26.9,159.3,None
2024-08,175,25.2,192.4,None
2024-08,176,26.8,163.0,None
2024-08,177,26.1,176.5,None
2024-08,178,25.9,182.7,None
2024-08,179,26.6,168.5,None
2024-08,180,25.5,188.4,None
2024-08,181,26.4,166.4,None
2024-08,182,25.3,189.4,None
2024-08,183,26.8,164.3,None
2024-08,184,25.8,178.0,None
2024-08,185,26.2,174.8,None
2024-08,186,25.7,185.4,None
2024-08,187,26.9,162.1,None
2024-08,188,25.4,184.9,None
2024-08,189,26.5,169.9,None
2024-08,190,25.1,193.4,None
2024-08,191,27.0,160.4,None
2024-08,192,26.0,177.5,None
2024-08,193,25.7,180.0,None
2024-08,194,26.3,171.9,None
2024-08,195,25.6,183.2,None
2024-08,196,26.9,159.7,None
2024-08,197,25.2,192.8,None
2024-08,198,26.8,163.4,None
2024-09,1,26.1,160.4,None
2024-09,2,26.5,154.1,None
2024-09,3,25.8,167.1,None
2024-09,4,26.8,147.8,None
2024-09,5,25.4,172.6,None
2024-09,6,27.0,142.2,None
2024-09,7,26.3,155.7,None
2024-09,8,25.9,163.6,None
2024-09,9,26.6,150.1,None
2024-09,10,25.7,168.3,None
2024-09,11,27.1,141.0,None
2024-09,12,25.5,170.4,None
2024-09,13,26.4,152.0,None
2024-09,14,26.0,161.3,None
2024-09,15,26.9,145.3,None
2024-09,16,25.6,169.0,None
2024-09,17,26.7,148.8,None
2024-09,18,25.3,173.3,None
2024-09,19,27.2,140.3,None
2024-09,20,26.2,157.4,None
2024-09,21,25.9,164.3,None
2024-09,22,26.5,151.5,None
2024-09,23,25.8,167.6,None
2024-09,24,27.3,139.6,None
2024-09,25,25.4,172.2,None
2024-09,26,26.3,156.1,None
2024-09,27,26.1,161.9,None
2024-09,28,26.8,148.2,None
2024-09,29,25.7,168.0,None
2024-09,30,26.6,150.8,None
2024-09,31,25.5,169.7,None
2024-09,32,27.0,143.9,None
2024-09,33,26.0,162.3,None
2024-09,34,26.4,154.4,None
2024-09,35,25.9,165.0,None
2024-09,36,27.1,141.7,None
2024-09,37,25.6,169.3,None
2024-09,38,26.7,149.5,None
2024-09,39,25.3,172.9,None
2024-09,40,27.2,140.7,None
2024-09,41,26.1,158.1,None
2024-09,42,26.5,152.3,None
2024-09,43,25.8,166.3,None
2024-09,44,26.8,147.1,None
2024-09,45,25.4,173.0,None
2024-09,46,27.0,142.6,None
2024-09,47,26.3,155.3,None
2024-09,48,25.9,163.2,None
2024-09,49,26.6,150.5,None
2024-09,50,25.7,168.7,None
2024-09,51,27.1,141.4,None
2024-09,52,25.5,170.0,None
2024-09,53,26.4,152.4,None
2024-09,54,26.0,161.7,None
2024-09,55,26.9,145.7,None
2024-09,56,25.6,169.4,None
2024-09,57,26.7,149.2,None
2024-09,58,25.3,173.7,None
2024-09,59,27.2,140.0,None
2024-09,60,26.2,157.8,None
2024-09,61,25.9,164.7,None
2024-09,62,26.5,151.1,None
2024-09,63,25.8,168.0,None
2024-09,64,27.3,139.2,None
2024-09,65,25.4,171.8,None
2024-09,66,26.3,156.5,None
2024-09,67,26.1,162.3,None
2024-09,68,26.8,148.6,None
2024-09,69,25.7,167.6,None
2024-09,70,26.6,151.2,None
2024-09,71,25.5,169.3,None
2024-09,72,27.0,144.3,None
2024-09,73,26.0,162.7,None
2024-09,74,26.4,154.0,None
2024-09,75,25.9,165.4,None
2024-09,76,27.1,142.1,None
2024-09,77,25.6,168.9,None
2024-09,78,26.7,149.9,None
2024-09,79,25.3,172.5,None
2024-09,80,27.2,141.1,None
2024-09,81,26.1,158.5,None
2024-09,82,26.5,152.7,None
2024-09,83,25.8,165.9,None
2024-09,84,26.8,147.5,None
2024-09,85,25.4,173.4,None
2024-09,86,27.0,143.0,None
2024-09,87,26.3,154.9,None
2024-09,88,25.9,163.9,None
2024-09,89,26.6,150.9,None
2024-09,90,25.7,168.4,None
2024-09,91,27.1,141.8,None
2024-09,92,25.5,169.6,None
2024-09,93,26.4,152.8,None
2024-09,94,26.0,162.1,None
2024-09,95,26.9,146.1,None
2024-09,96,25.6,168.6,None
2024-09,97,26.7,149.6,None
2024-09,98,25.3,173.1,None
2024-09,99,27.2,140.4,None
2024-09,100,26.2,158.2,None
2024-09,101,25.9,164.0,None
2024-09,102,26.5,151.9,None
2024-09,103,25.8,167.2,None
2024-09,104,27.3,139.9,None
2024-09,105,25.4,171.4,None
2024-09,106,26.3,156.9,None
2024-09,107,26.1,162.7,None
2024-09,108,26.8,149.0,None
2024-09,109,25.7,167.2,None
2024-09,110,26.6,151.6,None
2024-09,111,25.5,168.9,None
2024-09,112,27.0,144.7,None
2024-09,113,26.0,163.1,None
2024-09,114,26.4,153.6,None
2024-09,115,25.9,165.8,None
2024-09,116,27.1,142.5,None
2024-09,117,25.6,168.5,None
2024-09,118,26.7,150.3,None
2024-09,119,25.3,172.1,None
2024-09,120,27.2,141.5,None
2024-09,121,26.1,158.9,None
2024-09,122,26.5,153.1,None
2024-09,123,25.8,165.5,None
2024-09,124,26.8,147.9,None
2024-09,125,25.4,173.8,None
2024-09,126,27.0,143.4,None
2024-09,127,26.3,154.5,None
2024-09,128,25.9,164.3,None
2024-09,129,26.6,151.3,None
2024-09,130,25.7,168.8,None
2024-09,131,27.1,142.2,None
2024-09,132,25.5,169.2,None
2024-09,133,26.4,153.2,None
2024-09,134,26.0,162.5,None
2024-09,135,26.9,146.5,None
2024-09,136,25.6,168.2,None
2024-09,137,26.7,150.0,None
2024-09,138,25.3,172.7,None
2024-09,139,27.2,140.8,None
2024-09,140,26.2,158.6,None
2024-09,141,25.9,164.4,None
2024-09,142,26.5,152.3,None
2024-09,143,25.8,166.8,None
2024-09,144,27.3,140.2,None
2024-09,145,25.4,171.0,None
2024-09,146,26.3,157.3,None
2024-09,147,26.1,163.1,None
2024-09,148,26.8,149.4,None
2024-09,149,25.7,166.8,None
2024-09,150,26.6,152.0,None
2024-09,151,25.5,168.5,None
2024-09,152,27.0,145.1,None
2024-09,153,26.0,163.5,None
2024-09,154,26.4,153.2,None
2024-09,155,25.9,166.2,None
2024-09,156,27.1,142.9,None
2024-09,157,25.6,168.1,None
2024-09,158,26.7,150.7,None
2024-09,159,25.3,171.7,None
2024-09,160,27.2,141.9,None
2024-09,161,26.1,159.3,None
2024-09,162,26.5,153.5,None
2024-09,163,25.8,165.1,None
2024-09,164,26.8,148.3,None
2024-09,165,25.4,174.2,None
2024-09,166,27.0,143.8,None
2024-09,167,24.3,254.1,Extreme_Rainfall
2024-09,168,25.9,164.7,None
2024-09,169,26.6,151.7,None
2024-09,170,25.7,168.4,None
2024-09,171,27.1,142.6,None
2024-09,172,25.5,168.8,None
2024-09,173,26.4,153.6,None
2024-09,174,26.0,162.9,None
2024-09,175,26.9,146.9,None
2024-09,176,25.6,167.8,None
2024-09,177,26.7,150.4,None
2024-09,178,25.3,172.3,None
2024-09,179,27.2,141.2,None
2024-09,180,26.2,159.0,None
2024-09,181,25.9,164.8,None
2024-09,182,26.5,152.7,None
2024-09,183,25.8,166.4,None
2024-09,184,27.3,140.6,None
2024-09,185,25.4,170.6,None
2024-09,186,26.3,157.7,None
2024-09,187,26.1,163.5,None
2024-09,188,26.8,149.8,None
2024-09,189,25.7,166.4,None
2024-09,190,26.6,152.4,None
2024-09,191,25.5,168.1,None
2024-09,192,27.0,145.5,None
2024-09,193,26.0,163.9,None
2024-09,194,26.4,152.8,None
2024-09,195,25.9,166.6,None
2024-09,196,27.1,143.3,None
2024-09,197,25.6,167.7,None
2024-09,198,26.7,151.1,None
2024-10,1,25.4,185.3,None
2024-10,2,25.8,178.0,None
2024-10,3,25.1,191.0,None
2024-10,4,26.1,169.8,None
2024-10,5,24.7,196.3,None
2024-10,6,26.3,162.2,None
2024-10,7,25.6,180.7,None
2024-10,8,25.2,187.6,None
2024-10,9,25.9,172.1,None
2024-10,10,25.0,192.3,None
2024-10,11,26.4,161.0,None
2024-10,12,24.8,194.4,None
2024-10,13,25.7,174.0,None
2024-10,14,25.3,184.3,None
2024-10,15,26.2,165.3,None
2024-10,16,24.9,193.0,None
2024-10,17,26.0,170.8,None
2024-10,18,24.6,197.3,None
2024-10,19,26.5,160.3,None
2024-10,20,25.5,177.4,None
2024-10,21,25.2,188.3,None
2024-10,22,25.8,173.5,None
2024-10,23,25.1,191.6,None
2024-10,24,26.6,159.6,None
2024-10,25,24.7,195.2,None
2024-10,26,25.6,181.1,None
2024-10,27,25.4,185.9,None
2024-10,28,26.1,170.2,None
2024-10,29,25.0,192.0,None
2024-10,30,25.9,172.8,None
2024-10,31,24.8,193.7,None
2024-10,32,26.3,163.9,None
2024-10,33,25.3,183.3,None
2024-10,34,25.7,175.4,None
2024-10,35,25.2,189.0,None
2024-10,36,26.4,161.7,None
2024-10,37,24.9,193.3,None
2024-10,38,26.0,171.5,None
2024-10,39,24.6,196.9,None
2024-10,40,26.5,160.7,None
2024-10,41,25.5,178.1,None
2024-10,42,25.8,174.5,None
2024-10,43,25.1,191.3,None
2024-10,44,26.1,169.1,None
2024-10,45,24.7,196.7,None
2024-10,46,26.3,162.6,None
2024-10,47,25.6,180.3,None
2024-10,48,25.2,187.2,None
2024-10,49,25.9,172.5,None
2024-10,50,25.0,192.7,None
2024-10,51,26.4,161.4,None
2024-10,52,24.8,194.0,None
2024-10,53,25.7,174.4,None
2024-10,54,25.3,183.9,None
2024-10,55,26.2,165.7,None
2024-10,56,24.9,193.4,None
2024-10,57,26.0,171.2,None
2024-10,58,24.6,197.7,None
2024-10,59,26.5,160.0,None
2024-10,60,25.5,177.1,None
2024-10,61,25.2,188.7,None
2024-10,62,25.8,173.1,None
2024-10,63,25.1,191.9,None
2024-10,64,26.6,159.2,None
2024-10,65,24.7,194.8,None
2024-10,66,25.6,181.5,None
2024-10,67,25.4,186.3,None
2024-10,68,26.1,170.6,None
2024-10,69,25.0,191.6,None
2024-10,70,25.9,173.2,None
2024-10,71,24.8,193.3,None
2024-10,72,26.3,164.3,None
2024-10,73,25.3,182.9,None
2024-10,74,25.7,175.8,None
2024-10,75,25.2,189.4,None
2024-10,76,26.4,162.1,None
2024-10,77,24.9,192.9,None
2024-10,78,26.0,171.9,None
2024-10,79,24.6,196.5,None
2024-10,80,26.5,161.1,None
2024-10,81,25.5,178.5,None
2024-10,82,25.8,174.1,None
2024-10,83,25.1,190.9,None
2024-10,84,26.1,169.5,None
2024-10,85,24.7,197.1,None
2024-10,86,26.3,163.0,None
2024-10,87,25.6,180.0,None
2024-10,88,25.2,186.8,None
2024-10,89,25.9,172.9,None
2024-10,90,25.0,193.1,None
2024-10,91,26.4,161.8,None
2024-10,92,24.8,193.6,None
2024-10,93,25.7,174.8,None
2024-10,94,25.3,183.5,None
2024-10,95,26.2,166.1,None
2024-10,96,24.9,192.5,None
2024-10,97,26.0,172.3,None
2024-10,98,24.6,196.1,None
2024-10,99,26.5,161.5,None
2024-10,100,25.5,178.9,None
2024-10,101,23.2,289.1,Extreme_Rainfall
2024-10,102,25.8,173.8,None
2024-10,103,25.1,190.5,None
2024-10,104,26.1,169.9,None
2024-10,105,24.7,197.5,None
2024-10,106,26.3,163.4,None
2024-10,107,25.6,179.6,None
2024-10,108,25.2,186.4,None
2024-10,109,25.9,173.3,None
2024-10,110,25.0,193.5,None
2024-10,111,26.4,162.2,None
2024-10,112,24.8,193.2,None
2024-10,113,25.7,175.2,None
2024-10,114,25.3,183.1,None
2024-10,115,26.2,166.5,None
2024-10,116,24.9,192.1,None
2024-10,117,26.0,172.7,None
2024-10,118,24.6,195.7,None
2024-10,119,26.5,161.9,None
2024-10,120,25.5,179.3,None
2024-10,121,25.2,185.9,None
2024-10,122,25.8,174.2,None
2024-10,123,25.1,190.1,None
2024-10,124,26.1,170.3,None
2024-10,125,24.7,197.9,None
2024-10,126,26.3,163.8,None
2024-10,127,25.6,179.2,None
2024-10,128,25.2,186.0,None
2024-10,129,25.9,173.7,None
2024-10,130,25.0,193.9,None
2024-10,131,26.4,162.6,None
2024-10,132,24.8,192.8,None
2024-10,133,25.7,175.6,None
2024-10,134,25.3,182.7,None
2024-10,135,26.2,166.9,None
2024-10,136,24.9,191.7,None
2024-10,137,26.0,173.1,None
2024-10,138,24.6,195.3,None
2024-10,139,26.5,162.3,None
2024-10,140,25.5,179.7,None
2024-10,141,25.2,185.5,None
2024-10,142,25.8,174.6,None
2024-10,143,25.1,189.7,None
2024-10,144,26.1,170.7,None
2024-10,145,24.7,198.3,None
2024-10,146,26.3,164.2,None
2024-10,147,25.6,178.8,None
2024-10,148,25.2,185.6,None
2024-10,149,25.9,174.1,None
2024-10,150,25.0,194.3,None
2024-10,151,26.4,163.0,None
2024-10,152,24.8,192.4,None
2024-10,153,25.7,176.0,None
2024-10,154,25.3,182.3,None
2024-10,155,26.2,167.3,None
2024-10,156,24.9,191.3,None
2024-10,157,26.0,173.5,None
2024-10,158,24.6,194.9,None
2024-10,159,26.5,162.7,None
2024-10,160,25.5,180.1,None
2024-10,161,25.2,185.1,None
2024-10,162,25.8,175.0,None
2024-10,163,25.1,189.3,None
2024-10,164,26.1,171.1,None
2024-10,165,24.7,198.7,None
2024-10,166,26.3,164.6,None
2024-10,167,25.6,178.4,None
2024-10,168,25.2,185.2,None
2024-10,169,25.9,174.5,None
2024-10,170,25.0,194.7,None
2024-10,171,26.4,163.4,None
2024-10,172,24.8,192.0,None
2024-10,173,25.7,176.4,None
2024-10,174,25.3,181.9,None
2024-10,175,26.2,167.7,None
2024-10,176,24.9,190.9,None
2024-10,177,26.0,173.9,None
2024-10,178,24.6,194.5,None
2024-10,179,26.5,163.1,None
2024-10,180,25.5,180.5,None
2024-10,181,25.2,184.7,None
2024-10,182,25.8,175.4,None
2024-10,183,25.1,188.9,None
2024-10,184,26.1,171.5,None
2024-10,185,24.7,199.1,None
2024-10,186,26.3,165.0,None
2024-10,187,25.6,178.0,None
2024-10,188,25.2,184.8,None
2024-10,189,25.9,174.9,None
2024-10,190,25.0,195.1,None
2024-10,191,26.4,163.8,None
2024-10,192,24.8,191.6,None
2024-10,193,25.7,176.8,None
2024-10,194,25.3,181.5,None
2024-10,195,26.2,168.1,None
2024-10,196,24.9,190.5,None
2024-10,197,26.0,174.3,None
2024-10,198,24.6,194.1,None
2024-11,1,24.8,55.6,None
2024-11,2,25.2,48.3,None
2024-11,3,24.5,61.3,None
2024-11,4,25.5,41.8,None
2024-11,5,24.1,66.6,None
2024-11,6,25.7,36.2,None
2024-11,7,25.0,50.7,None
2024-11,8,24.6,57.6,None
2024-11,9,25.3,44.1,None
2024-11,10,24.4,62.3,None
2024-11,11,25.8,35.0,None
2024-11,12,24.2,64.4,None
2024-11,13,25.1,46.0,None
2024-11,14,24.7,54.3,None
2024-11,15,25.6,39.3,None
2024-11,16,24.3,63.0,None
2024-11,17,25.4,42.8,None
2024-11,18,24.0,67.3,None
2024-11,19,25.7,36.9,None
2024-11,20,24.9,53.4,None
2024-11,21,24.6,61.0,None
2024-11,22,25.2,46.5,None
2024-11,23,24.5,64.3,None
2024-11,24,25.9,34.2,None
2024-11,25,24.1,69.6,None
2024-11,26,25.0,50.1,None
2024-11,27,24.8,56.7,None
2024-11,28,25.5,40.5,None
2024-11,29,24.4,65.9,None
2024-11,30,25.3,43.8,None
2024-11,31,24.2,68.2,None
2024-11,32,25.6,37.6,None
2024-11,33,24.7,54.3,None
2024-11,34,25.1,49.4,None
2024-11,35,24.5,63.0,None
2024-11,36,25.8,36.3,None
2024-11,37,24.3,67.1,None
2024-11,38,25.4,41.8,None
2024-11,39,24.0,70.9,None
2024-11,40,25.7,37.2,None
2024-11,41,24.9,52.7,None
2024-11,42,24.6,60.3,None
2024-11,43,25.2,47.2,None
2024-11,44,24.5,63.6,None
2024-11,45,25.9,34.9,None
2024-11,46,24.1,69.2,None
2024-11,47,25.0,50.8,None
2024-11,48,24.8,57.4,None
2024-11,49,25.5,40.2,None
2024-11,50,24.4,66.6,None
2024-11,51,25.3,44.5,None
2024-11,52,24.2,68.5,None
2024-11,53,25.6,38.0,None
2024-11,54,24.7,54.0,None
2024-11,55,25.1,48.7,None
2024-11,56,24.5,62.3,None
2024-11,57,25.8,35.9,None
2024-11,58,24.3,67.8,None
2024-11,59,25.4,42.5,None
2024-11,60,24.0,71.3,None
2024-11,61,25.7,37.5,None
2024-11,62,24.9,53.1,None
2024-11,63,24.6,60.6,None
2024-11,64,25.2,47.9,None
2024-11,65,24.5,63.9,None
2024-11,66,25.9,35.2,None
2024-11,67,24.1,69.9,None
2024-11,68,25.0,51.5,None
2024-11,69,24.8,58.1,None
2024-11,70,25.5,40.9,None
2024-11,71,24.4,66.2,None
2024-11,72,25.3,45.2,None
2024-11,73,24.2,68.1,None
2024-11,74,25.6,38.7,None
2024-11,75,24.7,54.7,None
2024-11,76,25.1,48.1,None
2024-11,77,24.5,61.9,None
2024-11,78,25.8,36.6,None
2024-11,79,24.3,67.4,None
2024-11,80,25.4,42.2,None
2024-11,81,24.0,71.7,None
2024-11,82,25.7,37.9,None
2024-11,83,24.9,52.3,None
2024-11,84,24.6,60.0,None
2024-11,85,25.2,48.3,None
2024-11,86,24.5,63.2,None
2024-11,87,25.9,35.6,None
2024-11,88,24.1,70.3,None
2024-11,89,25.0,51.1,None
2024-11,90,24.8,57.7,None
2024-11,91,25.5,41.3,None
2024-11,92,24.4,65.8,None
2024-11,93,25.3,45.6,None
2024-11,94,24.2,67.7,None
2024-11,95,25.6,39.1,None
2024-11,96,24.7,55.1,None
2024-11,97,25.1,47.7,None
2024-11,98,24.5,61.5,None
2024-11,99,25.8,37.0,None
2024-11,100,24.3,67.0,None
2024-11,101,25.4,42.6,None
2024-11,102,24.0,72.1,None
2024-11,103,25.7,38.3,None
2024-11,104,24.9,51.9,None
2024-11,105,24.6,59.6,None
2024-11,106,25.2,48.7,None
2024-11,107,24.5,62.8,None
2024-11,108,25.9,36.0,None
2024-11,109,24.1,70.7,None
2024-11,110,25.0,51.5,None
2024-11,111,24.8,57.3,None
2024-11,112,25.5,41.7,None
2024-11,113,24.4,65.4,None
2024-11,114,25.3,46.0,None
2024-11,115,24.2,67.3,None
2024-11,116,25.6,39.5,None
2024-11,117,24.7,55.5,None
2024-11,118,25.1,47.3,None
2024-11,119,24.5,61.1,None
2024-11,120,25.8,37.4,None
2024-11,121,24.3,66.6,None
2024-11,122,25.4,43.0,None
2024-11,123,24.0,72.5,None
2024-11,124,25.7,38.7,None
2024-11,125,24.9,51.5,None
2024-11,126,24.6,59.2,None
2024-11,127,25.2,49.1,None
2024-11,128,24.5,62.4,None
2024-11,129,25.9,36.4,None
2024-11,130,24.1,71.1,None
2024-11,131,25.0,51.9,None
2024-11,132,24.8,56.9,None
2024-11,133,25.5,42.1,None
2024-11,134,24.4,65.0,None
2024-11,135,25.3,46.4,None
2024-11,136,24.2,66.9,None
2024-11,137,25.6,39.9,None
2024-11,138,24.7,55.9,None
2024-11,139,25.1,46.9,None
2024-11,140,24.5,60.7,None
2024-11,141,25.8,37.8,None
2024-11,142,24.3,66.2,None
2024-11,143,25.4,43.4,None
2024-11,144,24.0,72.9,None
2024-11,145,25.7,39.1,None
2024-11,146,24.9,51.1,None
2024-11,147,24.6,58.8,None
2024-11,148,25.2,49.5,None
2024-11,149,24.5,62.0,None
2024-11,150,25.9,36.8,None
2024-11,151,24.1,71.5,None
2024-11,152,25.0,52.3,None
2024-11,153,24.8,56.5,None
2024-11,154,25.5,42.5,None
2024-11,155,24.4,64.6,None
2024-11,156,25.3,46.8,None
2024-11,157,24.2,66.5,None
2024-11,158,25.6,40.3,None
2024-11,159,24.7,56.3,None
2024-11,160,25.1,46.5,None
2024-11,161,24.5,60.3,None
2024-11,162,25.8,38.2,None
2024-11,163,26.3,0.0,Drought
2024-11,164,25.4,43.8,None
2024-11,165,24.0,73.3,None
2024-11,166,25.7,39.5,None
2024-11,167,24.9,50.7,None
2024-11,168,24.6,58.4,None
2024-11,169,25.2,49.9,None
2024-11,170,24.5,61.6,None
2024-11,171,25.9,37.2,None
2024-11,172,24.1,71.9,None
2024-11,173,25.0,52.7,None
2024-11,174,24.8,56.1,None
2024-11,175,25.5,42.9,None
2024-11,176,24.4,64.2,None
2024-11,177,25.3,47.2,None
2024-11,178,24.2,66.1,None
2024-11,179,25.6,40.7,None
2024-11,180,24.7,56.7,None
2024-11,181,25.1,46.1,None
2024-11,182,24.5,59.9,None
2024-11,183,25.8,38.6,None
2024-11,184,24.3,65.8,None
2024-11,185,25.4,44.2,None
2024-11,186,24.0,73.7,None
2024-11,187,25.7,39.9,None
2024-11,188,24.9,50.3,None
2024-11,189,24.6,58.0,None
2024-11,190,25.2,50.3,None
2024-11,191,24.5,61.2,None
2024-11,192,25.9,37.6,None
2024-11,193,24.1,72.3,None
2024-11,194,25.0,53.1,None
2024-11,195,24.8,55.7,None
2024-11,196,25.5,43.3,None
2024-11,197,24.4,63.8,None
2024-11,198,25.3,47.6,None
2024-12,1,22.5,15.8,None
2024-12,2,22.9,12.5,None
2024-12,3,22.2,18.5,None
2024-12,4,23.2,9.8,None
2024-12,5,21.8,22.6,None
2024-12,6,23.4,6.2,None
2024-12,7,22.7,14.7,None
2024-12,8,22.3,17.6,None
2024-12,9,23.0,11.1,None
2024-12,10,22.1,19.3,None
2024-12,11,23.5,5.0,None
2024-12,12,21.9,21.4,None
2024-12,13,22.8,12.0,None
2024-12,14,22.4,15.3,None
2024-12,15,23.3,7.3,None
2024-12,16,22.0,20.0,None
2024-12,17,23.1,10.8,None
2024-12,18,21.7,23.3,None
2024-12,19,23.4,6.9,None
2024-12,20,22.6,15.4,None
2024-12,21,22.3,18.0,None
2024-12,22,22.9,12.9,None
2024-12,23,22.2,19.0,None
2024-12,24,23.6,5.8,None
2024-12,25,21.8,22.2,None
2024-12,26,22.7,14.1,None
2024-12,27,22.5,16.7,None
2024-12,28,23.2,10.5,None
2024-12,29,22.1,19.9,None
2024-12,30,23.0,11.8,None
2024-12,31,21.9,21.8,None
2024-12,32,23.3,7.6,None
2024-12,33,22.4,15.7,None
2024-12,34,22.8,13.4,None
2024-12,35,22.2,18.0,None
2024-12,36,23.5,6.3,None
2024-12,37,22.0,20.7,None
2024-12,38,23.1,9.8,None
2024-12,39,21.7,23.9,None
2024-12,40,23.4,7.2,None
2024-12,41,22.6,14.7,None
2024-12,42,22.3,17.3,None
2024-12,43,22.9,13.2,None
2024-12,44,22.2,18.6,None
2024-12,45,23.6,6.9,None
2024-12,46,21.8,22.9,None
2024-12,47,22.7,14.8,None
2024-12,48,22.5,16.4,None
2024-12,49,23.2,10.2,None
2024-12,50,22.1,20.3,None
2024-12,51,23.0,11.5,None
2024-12,52,21.9,22.2,None
2024-12,53,23.3,8.0,None
2024-12,54,22.4,15.0,None
2024-12,55,22.8,12.7,None
2024-12,56,22.2,17.3,None
2024-12,57,23.5,6.7,None
2024-12,58,22.0,21.1,None
2024-12,59,23.1,9.5,None
2024-12,60,21.7,24.3,None
2024-12,61,23.4,7.5,None
2024-12,62,22.6,14.3,None
2024-12,63,22.3,16.9,None
2024-12,64,22.9,13.6,None
2024-12,65,22.2,18.9,None
2024-12,66,24.6,0.0,Drought
2024-12,67,21.8,23.3,None
2024-12,68,22.7,15.2,None
2024-12,69,22.5,16.0,None
2024-12,70,23.2,10.6,None
2024-12,71,22.1,20.7,None
2024-12,72,23.0,11.1,None
2024-12,73,21.9,22.6,None
2024-12,74,23.3,8.4,None
2024-12,75,22.4,14.6,None
2024-12,76,22.8,12.3,None
2024-12,77,22.2,16.9,None
2024-12,78,23.5,7.1,None
2024-12,79,22.0,21.5,None
2024-12,80,23.1,9.1,None
2024-12,81,21.7,24.7,None
2024-12,82,23.4,7.9,None
2024-12,83,22.6,13.9,None
2024-12,84,22.3,16.5,None
2024-12,85,22.9,14.0,None
2024-12,86,22.2,19.3,None
2024-12,87,23.6,6.5,None
2024-12,88,21.8,23.7,None
2024-12,89,22.7,15.6,None
2024-12,90,22.5,15.6,None
2024-12,91,23.2,11.0,None
2024-12,92,22.1,21.1,None
2024-12,93,23.0,10.7,None
2024-12,94,21.9,23.0,None
2024-12,95,23.3,8.8,None
2024-12,96,22.4,14.2,None
2024-12,97,22.8,11.9,None
2024-12,98,22.2,16.5,None
2024-12,99,23.5,7.5,None
2024-12,100,22.0,21.9,None
2024-12,101,23.1,8.7,None
2024-12,102,21.7,25.1,None
2024-12,103,23.4,8.3,None
2024-12,104,22.6,13.5,None
2024-12,105,22.3,16.1,None
2024-12,106,22.9,14.4,None
2024-12,107,22.2,19.7,None
2024-12,108,23.6,6.1,None
2024-12,109,21.8,24.1,None
2024-12,110,22.7,16.0,None
2024-12,111,22.5,15.2,None
2024-12,112,23.2,11.4,None
2024-12,113,22.1,21.5,None
2024-12,114,23.0,10.3,None
2024-12,115,21.9,23.4,None
2024-12,116,23.3,9.2,None
2024-12,117,22.4,13.8,None
2024-12,118,22.8,11.5,None
2024-12,119,22.2,16.1,None
2024-12,120,23.5,7.9,None
2024-12,121,22.0,22.3,None
2024-12,122,23.1,8.3,None
2024-12,123,21.7,25.5,None
2024-12,124,23.4,8.7,None
2024-12,125,22.6,13.1,None
2024-12,126,22.3,15.7,None
2024-12,127,22.9,14.8,None
2024-12,128,22.2,20.1,None
2024-12,129,23.6,5.7,None
2024-12,130,21.8,24.5,None
2024-12,131,22.7,16.4,None
2024-12,132,22.5,14.8,None
2024-12,133,23.2,11.8,None
2024-12,134,22.1,21.9,None
2024-12,135,23.0,9.9,None
2024-12,136,21.9,23.8,None
2024-12,137,23.3,9.6,None
2024-12,138,22.4,13.4,None
2024-12,139,22.8,11.1,None
2024-12,140,22.2,15.7,None
2024-12,141,23.5,8.3,None
2024-12,142,22.0,22.7,None
2024-12,143,23.1,7.9,None
2024-12,144,21.7,25.9,None
2024-12,145,23.4,9.1,None
2024-12,146,22.6,12.7,None
2024-12,147,22.3,15.3,None
2024-12,148,22.9,15.2,None
2024-12,149,22.2,20.5,None
2024-12,150,23.6,5.3,None
2024-12,151,21.8,24.9,None
2024-12,152,22.7,16.8,None
2024-12,153,22.5,14.4,None
2024-12,154,23.2,12.2,None
2024-12,155,22.1,22.3,None
2024-12,156,23.0,9.5,None
2024-12,157,21.9,24.2,None
2024-12,158,23.3,10.0,None
2024-12,159,22.4,13.0,None
2024-12,160,22.8,10.7,None
2024-12,161,22.2,15.3,None
2024-12,162,23.5,8.7,None
2024-12,163,22.0,23.1,None
2024-12,164,23.1,7.5,None
2024-12,165,21.7,26.3,None
2024-12,166,23.4,9.5,None
2024-12,167,22.6,12.3,None
2024-12,168,22.3,14.9,None
2024-12,169,22.9,15.6,None
2024-12,170,22.2,20.9,None
2024-12,171,23.6,4.9,None
2024-12,172,21.8,25.3,None
2024-12,173,22.7,17.2,None
2024-12,174,22.5,14.0,None
2024-12,175,23.2,12.6,None
2024-12,176,22.1,22.7,None
2024-12,177,23.0,9.1,None
2024-12,178,21.9,24.6,None
2024-12,179,23.3,10.4,None
2024-12,180,22.4,12.6,None
2024-12,181,22.8,10.3,None
2024-12,182,22.2,14.9,None
2024-12,183,23.5,9.1,None
2024-12,184,22.0,23.5,None
2024-12,185,23.1,7.1,None
2024-12,186,21.7,26.7,None
2024-12,187,23.4,9.9,None
2024-12,188,22.6,11.9,None
2024-12,189,22.3,14.5,None
2024-12,190,22.9,16.0,None
2024-12,191,22.2,21.3,None
2024-12,192,23.6,4.5,None
2024-12,193,21.8,25.7,None
2024-12,194,22.7,17.6,None
2024-12,195,24.5,0.0,Drought
2024-12,196,23.2,13.0,None
2024-12,197,22.1,23.1,None
2024-12,198,23.0,8.7,None
2025-01,1,21.9,8.2,None
2025-01,2,22.1,0.0,Drought
2025-01,3,21.6,11.2,None
2025-01,4,22.6,3.8,None
2025-01,5,21.2,15.6,None
2025-01,6,22.8,0.2,None
2025-01,7,22.1,7.7,None
2025-01,8,21.7,10.6,None
2025-01,9,22.4,5.1,None
2025-01,10,21.5,12.3,None
2025-01,11,22.9,0.0,Drought
2025-01,12,21.3,14.4,None
2025-01,13,22.2,6.0,None
2025-01,14,21.8,8.3,None
2025-01,15,22.7,1.3,None
2025-01,16,21.4,13.0,None
2025-01,17,22.5,4.8,None
2025-01,18,21.1,16.3,None
2025-01,19,22.8,0.9,None
2025-01,20,22.0,8.4,None
2025-01,21,21.7,11.0,None
2025-01,22,22.3,6.5,None
2025-01,23,21.6,12.0,None
2025-01,24,23.0,0.0,Drought
2025-01,25,21.2,15.2,None
2025-01,26,22.1,7.1,None
2025-01,27,21.9,9.7,None
2025-01,28,22.6,4.5,None
2025-01,29,21.5,12.9,None
2025-01,30,22.4,5.8,None
2025-01,31,21.3,14.8,None
2025-01,32,22.7,1.6,None
2025-01,33,21.8,8.7,None
2025-01,34,22.2,7.4,None
2025-01,35,21.6,11.0,None
2025-01,36,22.9,0.3,None
2025-01,37,21.4,13.7,None
2025-01,38,22.5,3.8,None
2025-01,39,21.1,16.9,None
2025-01,40,22.8,1.2,None
2025-01,41,22.0,7.7,None
2025-01,42,21.7,10.3,None
2025-01,43,22.3,7.2,None
2025-01,44,21.6,11.6,None
2025-01,45,23.0,0.9,None
2025-01,46,21.2,15.9,None
2025-01,47,22.1,7.8,None
2025-01,48,21.9,9.4,None
2025-01,49,22.6,4.2,None
2025-01,50,21.5,13.3,None
2025-01,51,22.4,6.5,None
2025-01,52,21.3,15.2,None
2025-01,53,22.7,2.0,None
2025-01,54,21.8,8.0,None
2025-01,55,22.2,6.7,None
2025-01,56,21.6,10.3,None
2025-01,57,22.9,0.7,None
2025-01,58,21.4,14.2,None
2025-01,59,22.5,4.5,None
2025-01,60,21.1,17.3,None
2025-01,61,22.8,1.5,None
2025-01,62,22.0,8.1,None
2025-01,63,21.7,10.6,None
2025-01,64,22.3,7.9,None
2025-01,65,21.6,11.9,None
2025-01,66,23.0,1.2,None
2025-01,67,21.2,16.3,None
2025-01,68,22.1,8.2,None
2025-01,69,21.9,9.0,None
2025-01,70,22.6,4.6,None
2025-01,71,21.5,13.7,None
2025-01,72,22.4,6.1,None
2025-01,73,21.3,15.6,None
2025-01,74,22.7,2.4,None
2025-01,75,21.8,7.6,None
2025-01,76,22.2,6.3,None
2025-01,77,21.6,10.0,None
2025-01,78,22.9,1.1,None
2025-01,79,21.4,14.6,None
2025-01,80,22.5,4.2,None
2025-01,81,21.1,17.7,None
2025-01,82,22.8,1.9,None
2025-01,83,22.0,7.3,None
2025-01,84,21.7,9.9,None
2025-01,85,22.3,8.3,None
2025-01,86,21.6,12.3,None
2025-01,87,23.0,1.6,None
2025-01,88,21.2,16.7,None
2025-01,89,22.1,8.6,None
2025-01,90,21.9,8.6,None
2025-01,91,22.6,5.0,None
2025-01,92,21.5,14.1,None
2025-01,93,22.4,5.7,None
2025-01,94,21.3,16.0,None
2025-01,95,22.7,2.8,None
2025-01,96,21.8,7.2,None
2025-01,97,22.2,5.9,None
2025-01,98,21.6,9.5,None
2025-01,99,22.9,1.5,None
2025-01,100,21.4,15.0,None
2025-01,101,22.5,3.7,None
2025-01,102,21.1,18.1,None
2025-01,103,22.8,2.3,None
2025-01,104,22.0,6.9,None
2025-01,105,21.7,9.5,None
2025-01,106,22.3,8.7,None
2025-01,107,21.6,12.7,None
2025-01,108,23.0,2.0,None
2025-01,109,21.2,17.1,None
2025-01,110,24.1,0.0,Drought
2025-01,111,21.9,8.2,None
2025-01,112,22.6,5.4,None
2025-01,113,21.5,14.5,None
2025-01,114,22.4,5.3,None
2025-01,115,21.3,16.4,None
2025-01,116,22.7,3.2,None
2025-01,117,21.8,6.8,None
2025-01,118,22.2,5.5,None
2025-01,119,21.6,9.1,None
2025-01,120,22.9,1.9,None
2025-01,121,21.4,15.4,None
2025-01,122,22.5,3.3,None
2025-01,123,21.1,18.5,None
2025-01,124,22.8,2.7,None
2025-01,125,22.0,6.5,None
2025-01,126,21.7,9.1,None
2025-01,127,22.3,9.1,None
2025-01,128,21.6,13.1,None
2025-01,129,23.0,2.4,None
2025-01,130,21.2,17.5,None
2025-01,131,22.1,9.0,None
2025-01,132,21.9,7.8,None
2025-01,133,22.6,5.8,None
2025-01,134,21.5,14.9,None
2025-01,135,22.4,4.9,None
2025-01,136,21.3,16.8,None
2025-01,137,22.7,3.6,None
2025-01,138,21.8,6.4,None
2025-01,139,22.2,5.1,None
2025-01,140,21.6,8.7,None
2025-01,141,22.9,2.3,None
2025-01,142,21.4,15.8,None
2025-01,143,22.5,2.9,None
2025-01,144,21.1,18.9,None
2025-01,145,22.8,3.1,None
2025-01,146,22.0,6.1,None
2025-01,147,21.7,8.7,None
2025-01,148,22.3,9.5,None
2025-01,149,21.6,13.5,None
2025-01,150,23.0,2.8,None
2025-01,151,21.2,17.9,None
2025-01,152,22.1,9.4,None
2025-01,153,21.9,7.4,None
2025-01,154,22.6,6.2,None
2025-01,155,21.5,15.3,None
2025-01,156,22.4,4.5,None
2025-01,157,21.3,17.2,None
2025-01,158,22.7,4.0,None
2025-01,159,21.8,6.0,None
2025-01,160,22.2,4.7,None
2025-01,161,21.6,8.3,None
2025-01,162,22.9,2.7,None
2025-01,163,21.4,16.2,None
2025-01,164,22.5,2.5,None
2025-01,165,21.1,19.3,None
2025-01,166,22.8,3.5,None
2025-01,167,22.0,5.7,None
2025-01,168,21.7,8.3,None
2025-01,169,22.3,9.9,None
2025-01,170,21.6,13.9,None
2025-01,171,23.0,3.2,None
2025-01,172,21.2,18.3,None
2025-01,173,22.1,9.8,None
2025-01,174,21.9,7.0,None
2025-01,175,22.6,6.6,None
2025-01,176,21.5,15.7,None
2025-01,177,22.4,4.1,None
2025-01,178,21.3,17.6,None
2025-01,179,22.7,4.4,None
2025-01,180,21.8,5.6,None
2025-01,181,22.2,4.3,None
2025-01,182,21.6,7.9,None
2025-01,183,22.9,3.1,None
2025-01,184,21.4,16.6,None
2025-01,185,22.5,2.1,None
2025-01,186,21.1,19.7,None
2025-01,187,22.8,3.9,None
2025-01,188,22.0,5.3,None
2025-01,189,21.7,7.9,None
2025-01,190,22.3,10.3,None
2025-01,191,21.6,14.3,None
2025-01,192,23.0,3.6,None
2025-01,193,21.2,18.7,None
2025-01,194,22.1,10.2,None
2025-01,195,21.9,6.6,None
2025-01,196,22.6,7.0,None
2025-01,197,21.5,16.1,None
2025-01,198,22.4,3.7,None
2025-02,1,24.1,12.7,None
2025-02,2,24.5,9.4,None
2025-02,3,23.8,15.4,None
2025-02,4,24.9,5.8,None
2025-02,5,23.4,18.6,None
2025-02,6,25.1,2.2,None
2025-02,7,24.4,9.7,None
2025-02,8,24.0,12.6,None
2025-02,9,24.7,7.1,None
2025-02,10,23.7,15.3,None
2025-02,11,25.2,1.0,None
2025-02,12,23.5,17.4,None
2025-02,13,24.6,8.0,None
2025-02,14,24.2,10.3,None
2025-02,15,25.0,3.3,None
2025-02,16,23.6,16.0,None
2025-02,17,24.8,6.8,None
2025-02,18,23.3,19.3,None
2025-02,19,25.1,2.9,None
2025-02,20,24.3,10.4,None
2025-02,21,24.0,13.0,None
2025-02,22,24.6,8.5,None
2025-02,23,23.9,15.0,None
2025-02,24,25.3,1.8,None
2025-02,25,23.4,18.2,None
2025-02,26,24.4,9.1,None
2025-02,27,24.2,11.7,None
2025-02,28,24.9,6.5,None
2025-02,29,23.8,15.9,None
2025-02,30,24.7,7.8,None
2025-02,31,23.5,17.8,None
2025-02,32,25.0,3.6,None
2025-02,33,24.1,10.7,None
2025-02,34,24.5,9.4,None
2025-02,35,23.9,13.0,None
2025-02,36,25.2,2.3,None
2025-02,37,23.6,16.7,None
2025-02,38,24.8,5.8,None
2025-02,39,23.3,19.9,None
2025-02,40,25.1,3.2,None
2025-02,41,24.3,9.7,None
2025-02,42,24.0,12.3,None
2025-02,43,24.6,9.2,None
2025-02,44,23.9,14.6,None
2025-02,45,25.3,2.9,None
2025-02,46,23.4,18.9,None
2025-02,47,24.4,9.8,None
2025-02,48,24.2,11.4,None
2025-02,49,24.9,6.2,None
2025-02,50,23.8,16.3,None
2025-02,51,24.7,8.5,None
2025-02,52,23.5,18.2,None
2025-02,53,25.0,4.0,None
2025-02,54,24.1,10.0,None
2025-02,55,24.5,8.7,None
2025-02,56,23.9,12.3,None
2025-02,57,25.2,2.7,None
2025-02,58,23.6,17.2,None
2025-02,59,24.8,6.5,None
2025-02,60,23.3,20.3,None
2025-02,61,25.1,3.5,None
2025-02,62,24.3,10.1,None
2025-02,63,24.0,12.6,None
2025-02,64,24.6,9.9,None
2025-02,65,23.9,14.9,None
2025-02,66,25.3,3.2,None
2025-02,67,23.4,19.3,None
2025-02,68,24.4,10.2,None
2025-02,69,24.2,11.0,None
2025-02,70,24.9,6.6,None
2025-02,71,23.8,16.7,None
2025-02,72,24.7,8.2,None
2025-02,73,23.5,18.6,None
2025-02,74,25.0,4.4,None
2025-02,75,24.1,9.6,None
2025-02,76,24.5,8.3,None
2025-02,77,23.9,12.0,None
2025-02,78,25.2,3.1,None
2025-02,79,23.6,17.6,None
2025-02,80,24.8,6.2,None
2025-02,81,23.3,20.7,None
2025-02,82,25.1,3.9,None
2025-02,83,24.3,9.3,None
2025-02,84,24.0,11.9,None
2025-02,85,24.6,10.3,None
2025-02,86,23.9,15.3,None
2025-02,87,25.3,3.6,None
2025-02,88,23.4,19.7,None
2025-02,89,24.4,10.6,None
2025-02,90,24.2,10.6,None
2025-02,91,24.9,7.0,None
2025-02,92,23.8,17.1,None
2025-02,93,24.7,7.7,None
2025-02,94,23.5,19.0,None
2025-02,95,25.0,4.8,None
2025-02,96,24.1,9.2,None
2025-02,97,24.5,7.9,None
2025-02,98,23.9,11.5,None
2025-02,99,25.2,3.5,None
2025-02,100,23.6,18.0,None
2025-02,101,24.8,5.7,None
2025-02,102,23.3,21.1,None
2025-02,103,25.1,4.3,None
2025-02,104,24.3,8.9,None
2025-02,105,24.0,11.5,None
2025-02,106,24.6,10.7,None
2025-02,107,23.9,15.7,None
2025-02,108,25.3,4.0,None
2025-02,109,23.4,20.1,None
2025-02,110,24.4,11.0,None
2025-02,111,24.2,10.2,None
2025-02,112,24.9,7.4,None
2025-02,113,23.8,17.5,None
2025-02,114,24.7,7.3,None
2025-02,115,23.5,19.4,None
2025-02,116,25.0,5.2,None
2025-02,117,24.1,8.8,None
2025-02,118,24.5,7.5,None
2025-02,119,23.9,11.1,None
2025-02,120,25.2,3.9,None
2025-02,121,23.6,18.4,None
2025-02,122,24.8,5.3,None
2025-02,123,23.3,21.5,None
2025-02,124,25.1,4.7,None
2025-02,125,24.3,8.5,None
2025-02,126,24.0,11.1,None
2025-02,127,24.6,11.1,None
2025-02,128,23.9,16.1,None
2025-02,129,25.3,4.4,None
2025-02,130,23.4,20.5,None
2025-02,131,24.4,11.4,None
2025-02,132,24.2,9.8,None
2025-02,133,24.9,7.8,None
2025-02,134,23.8,17.9,None
2025-02,135,24.7,6.9,None
2025-02,136,23.5,19.8,None
2025-02,137,25.0,5.6,None
2025-02,138,24.1,8.4,None
2025-02,139,24.5,7.1,None
2025-02,140,23.9,10.7,None
2025-02,141,25.2,4.3,None
2025-02,142,23.6,18.8,None
2025-02,143,24.8,4.9,None
2025-02,144,23.3,21.9,None
2025-02,145,25.1,5.1,None
2025-02,146,24.3,8.1,None
2025-02,147,24.0,10.7,None
2025-02,148,24.6,11.5,None
2025-02,149,23.9,16.5,None
2025-02,150,25.3,4.8,None
2025-02,151,23.4,20.9,None
2025-02,152,24.4,11.8,None
2025-02,153,24.2,9.4,None
2025-02,154,24.9,8.2,None
2025-02,155,23.8,18.3,None
2025-02,156,24.7,6.5,None
2025-02,157,23.5,20.2,None
2025-02,158,25.0,6.0,None
2025-02,159,24.1,8.0,None
2025-02,160,24.5,6.7,None
2025-02,161,23.9,10.3,None
2025-02,162,25.2,4.7,None
2025-02,163,23.6,19.2,None
2025-02,164,24.8,4.5,None
2025-02,165,23.3,22.3,None
2025-02,166,25.1,5.5,None
2025-02,167,24.3,7.7,None
2025-02,168,24.0,10.3,None
2025-02,169,24.6,11.9,None
2025-02,170,23.9,16.9,None
2025-02,171,25.3,5.2,None
2025-02,172,23.4,21.3,None
2025-02,173,24.4,12.2,None
2025-02,174,24.2,9.0,None
2025-02,175,24.9,8.6,None
2025-02,176,23.8,18.7,None
2025-02,177,24.7,6.1,None
2025-02,178,23.5,20.6,None
2025-02,179,25.0,6.4,None
2025-02,180,24.1,7.6,None
2025-02,181,24.5,6.3,None
2025-02,182,23.9,9.9,None
2025-02,183,25.2,5.1,None
2025-02,184,23.6,19.6,None
2025-02,185,24.8,4.1,None
2025-02,186,23.3,22.7,None
2025-02,187,25.1,5.9,None
2025-02,188,24.3,7.3,None
2025-02,189,24.0,9.9,None
2025-02,190,24.6,12.3,None
2025-02,191,23.9,17.3,None
2025-02,192,25.3,5.6,None
2025-02,193,23.4,21.7,None
2025-02,194,24.4,12.6,None
2025-02,195,24.2,8.6,None
2025-02,196,24.9,9.0,None
2025-02,197,23.8,19.1,None
2025-02,198,24.7,5.7,None
2025-03,1,27.3,25.9,None
2025-03,2,27.7,22.6,None
2025-03,3,27.0,28.6,None
2025-03,4,28.0,18.8,None
2025-03,5,26.6,31.6,None
2025-03,6,28.2,15.2,None
2025-03,7,27.5,23.7,None
2025-03,8,27.1,26.6,None
2025-03,9,27.8,20.1,None
2025-03,10,26.9,28.3,None
2025-03,11,28.3,14.0,None
2025-03,12,26.7,30.4,None
2025-03,13,27.6,21.0,None
2025-03,14,27.2,24.3,None
2025-03,15,28.1,17.3,None
2025-03,16,26.8,29.0,None
2025-03,17,27.9,19.8,None
2025-03,18,26.5,32.3,None
2025-03,19,28.2,15.9,None
2025-03,20,27.4,25.4,None
2025-03,21,27.1,28.0,None
2025-03,22,27.7,21.5,None
2025-03,23,27.0,29.0,None
2025-03,24,28.4,14.8,None
2025-03,25,26.6,31.2,None
2025-03,26,27.5,23.1,None
2025-03,27,27.3,25.7,None
2025-03,28,28.0,19.5,None
2025-03,29,26.9,28.9,None
2025-03,30,27.8,20.8,None
2025-03,31,26.7,30.8,None
2025-03,32,28.1,16.6,None
2025-03,33,27.2,24.7,None
2025-03,34,27.6,22.4,None
2025-03,35,27.0,28.0,None
2025-03,36,28.3,15.3,None
2025-03,37,26.8,29.7,None
2025-03,38,27.9,18.8,None
2025-03,39,26.5,32.9,None
2025-03,40,28.2,16.2,None
2025-03,41,27.4,24.7,None
2025-03,42,27.1,27.3,None
2025-03,43,27.7,22.2,None
2025-03,44,27.0,29.6,None
2025-03,45,28.4,15.9,None
2025-03,46,26.6,31.9,None
2025-03,47,27.5,23.8,None
2025-03,48,27.3,26.4,None
2025-03,49,28.0,19.2,None
2025-03,50,26.9,29.3,None
2025-03,51,27.8,21.5,None
2025-03,52,26.7,31.2,None
2025-03,53,28.1,17.0,None
2025-03,54,27.2,24.0,None
2025-03,55,27.6,21.7,None
2025-03,56,27.0,27.3,None
2025-03,57,28.3,15.7,None
2025-03,58,26.8,30.2,None
2025-03,59,27.9,19.5,None
2025-03,60,26.5,33.3,None
2025-03,61,28.2,16.5,None
2025-03,62,27.4,25.1,None
2025-03,63,27.1,27.6,None
2025-03,64,27.7,22.9,None
2025-03,65,27.0,29.9,None
2025-03,66,28.4,16.2,None
2025-03,67,26.6,32.3,None
2025-03,68,27.5,24.2,None
2025-03,69,27.3,26.8,None
2025-03,70,28.0,19.9,None
2025-03,71,26.9,29.8,None
2025-03,72,27.8,21.9,None
2025-03,73,26.7,31.6,None
2025-03,74,28.1,17.4,None
2025-03,75,27.2,23.6,None
2025-03,76,27.6,21.3,None
2025-03,77,27.0,27.0,None
2025-03,78,28.3,16.1,None
2025-03,79,26.8,30.6,None
2025-03,80,27.9,19.1,None
2025-03,81,26.5,33.7,None
2025-03,82,28.2,16.9,None
2025-03,83,27.4,24.3,None
2025-03,84,27.1,27.0,None
2025-03,85,27.7,23.3,None
2025-03,86,27.0,30.3,None
2025-03,87,28.4,16.6,None
2025-03,88,26.6,32.7,None
2025-03,89,27.5,24.6,None
2025-03,90,27.3,26.4,None
2025-03,91,28.0,20.3,None
2025-03,92,26.9,30.2,None
2025-03,93,27.8,21.5,None
2025-03,94,26.7,32.0,None
2025-03,95,28.1,17.8,None
2025-03,96,27.2,23.2,None
2025-03,97,27.6,20.9,None
2025-03,98,27.0,26.6,None
2025-03,99,28.3,16.5,None
2025-03,100,26.8,31.0,None
2025-03,101,27.9,18.7,None
2025-03,102,26.5,34.1,None
2025-03,103,28.2,17.3,None
2025-03,104,27.4,23.9,None
2025-03,105,27.1,26.6,None
2025-03,106,27.7,23.7,None
2025-03,107,27.0,30.7,None
2025-03,108,28.4,17.0,None
2025-03,109,26.6,33.1,None
2025-03,110,27.5,25.0,None
2025-03,111,27.3,26.0,None
2025-03,112,28.0,20.7,None
2025-03,113,26.9,30.6,None
2025-03,114,27.8,21.1,None
2025-03,115,26.7,32.4,None
2025-03,116,28.1,18.2,None
2025-03,117,27.2,22.8,None
2025-03,118,27.6,20.5,None
2025-03,119,27.0,26.2,None
2025-03,120,28.3,16.9,None
2025-03,121,26.8,31.4,None
2025-03,122,27.9,18.3,None
2025-03,123,26.5,34.5,None
2025-03,124,28.2,17.7,None
2025-03,125,27.4,23.5,None
2025-03,126,27.1,26.2,None
2025-03,127,27.7,24.1,None
2025-03,128,27.0,31.1,None
2025-03,129,28.4,17.4,None
2025-03,130,26.6,33.5,None
2025-03,131,27.5,25.4,None
2025-03,132,27.3,25.6,None
2025-03,133,28.0,21.1,None
2025-03,134,26.9,31.0,None
2025-03,135,27.8,20.7,None
2025-03,136,26.7,32.8,None
2025-03,137,28.1,18.6,None
2025-03,138,27.2,22.4,None
2025-03,139,27.6,20.1,None
2025-03,140,27.0,25.8,None
2025-03,141,28.3,17.3,None
2025-03,142,26.8,31.8,None
2025-03,143,27.9,17.9,None
2025-03,144,26.5,34.9,None
2025-03,145,28.2,18.1,None
2025-03,146,27.4,23.1,None
2025-03,147,27.1,25.8,None
2025-03,148,27.7,24.5,None
2025-03,149,27.0,31.5,None
2025-03,150,28.4,17.8,None
2025-03,151,26.6,33.9,None
2025-03,152,27.5,25.8,None
2025-03,153,27.3,25.2,None
2025-03,154,28.0,21.5,None
2025-03,155,26.9,31.4,None
2025-03,156,27.8,20.3,None
2025-03,157,26.7,33.2,None
2025-03,158,28.1,19.0,None
2025-03,159,27.2,22.0,None
2025-03,160,27.6,19.7,None
2025-03,161,27.0,25.4,None
2025-03,162,28.3,17.7,None
2025-03,163,26.8,32.2,None
2025-03,164,27.9,17.5,None
2025-03,165,26.5,35.3,None
2025-03,166,28.2,18.5,None
2025-03,167,27.4,22.7,None
2025-03,168,27.1,25.4,None
2025-03,169,27.7,24.9,None
2025-03,170,27.0,31.9,None
2025-03,171,28.4,18.2,None
2025-03,172,26.6,34.3,None
2025-03,173,27.5,26.2,None
2025-03,174,27.3,24.8,None
2025-03,175,28.0,21.9,None
2025-03,176,26.9,31.8,None
2025-03,177,27.8,19.9,None
2025-03,178,26.7,33.6,None
2025-03,179,28.1,19.4,None
2025-03,180,27.2,21.6,None
2025-03,181,30.6,10.2,Heatwave
2025-03,182,27.0,25.0,None
2025-03,183,28.3,18.1,None
2025-03,184,26.8,32.6,None
2025-03,185,27.9,17.1,None
2025-03,186,26.5,35.7,None
2025-03,187,28.2,18.9,None
2025-03,188,27.4,22.3,None
2025-03,189,27.1,25.0,None
2025-03,190,27.7,25.3,None
2025-03,191,27.0,32.3,None
2025-03,192,28.4,18.6,None
2025-03,193,26.6,34.7,None
2025-03,194,27.5,26.6,None
2025-03,195,27.3,24.4,None
2025-03,196,28.0,22.3,None
2025-03,197,26.9,32.2,None
2025-03,198,27.8,19.5,None
2025-04,1,28.9,45.1,None
2025-04,2,29.3,41.8,None
2025-04,3,28.6,48.8,None
2025-04,4,29.6,37.8,None
2025-04,5,28.2,51.6,None
2025-04,6,29.8,34.2,None
2025-04,7,29.1,43.7,None
2025-04,8,28.7,46.6,None
2025-04,9,29.4,39.1,None
2025-04,10,28.5,48.3,None
2025-04,11,29.9,33.0,None
2025-04,12,28.3,50.4,None
2025-04,13,29.2,40.0,None
2025-04,14,28.8,44.3,None
2025-04,15,29.7,36.3,None
2025-04,16,28.4,49.0,None
2025-04,17,29.5,38.8,None
2025-04,18,28.1,52.3,None
2025-04,19,29.8,34.9,None
2025-04,20,29.0,45.4,None
2025-04,21,28.7,48.0,None
2025-04,22,29.3,41.5,None
2025-04,23,28.6,49.0,None
2025-04,24,30.0,33.8,None
2025-04,25,28.2,51.2,None
2025-04,26,29.1,43.1,None
2025-04,27,28.9,45.7,None
2025-04,28,29.6,38.5,None
2025-04,29,28.5,48.9,None
2025-04,30,29.4,40.8,None
2025-04,31,28.3,50.8,None
2025-04,32,29.7,35.6,None
2025-04,33,28.8,44.7,None
2025-04,34,29.2,42.4,None
2025-04,35,28.6,48.0,None
2025-04,36,29.9,34.3,None
2025-04,37,28.4,49.7,None
2025-04,38,29.5,37.8,None
2025-04,39,28.1,52.9,None
2025-04,40,29.8,35.2,None
2025-04,41,29.0,44.7,None
2025-04,42,28.7,47.3,None
2025-04,43,29.3,42.2,None
2025-04,44,28.6,49.6,None
2025-04,45,30.0,34.9,None
2025-04,46,28.2,51.9,None
2025-04,47,29.1,43.8,None
2025-04,48,28.9,46.4,None
2025-04,49,29.6,38.2,None
2025-04,50,28.5,49.3,None
2025-04,51,29.4,41.5,None
2025-04,52,28.3,51.2,None
2025-04,53,29.7,36.0,None
2025-04,54,28.8,44.0,None
2025-04,55,29.2,41.7,None
2025-04,56,28.6,47.3,None
2025-04,57,29.9,34.7,None
2025-04,58,28.4,50.2,None
2025-04,59,29.5,38.5,None
2025-04,60,28.1,53.3,None
2025-04,61,29.8,35.5,None
2025-04,62,29.0,45.1,None
2025-04,63,28.7,47.6,None
2025-04,64,29.3,42.9,None
2025-04,65,28.6,49.9,None
2025-04,66,30.0,35.2,None
2025-04,67,28.2,52.3,None
2025-04,68,29.1,44.2,None
2025-04,69,28.9,46.8,None
2025-04,70,29.6,38.9,None
2025-04,71,28.5,49.8,None
2025-04,72,29.4,41.9,None
2025-04,73,28.3,51.6,None
2025-04,74,29.7,36.4,None
2025-04,75,28.8,43.6,None
2025-04,76,29.2,41.3,None
2025-04,77,28.6,47.0,None
2025-04,78,29.9,34.1,None
2025-04,79,28.4,50.6,None
2025-04,80,29.5,38.1,None
2025-04,81,28.1,53.7,None
2025-04,82,29.8,35.9,None
2025-04,83,29.0,44.3,None
2025-04,84,28.7,47.0,None
2025-04,85,29.3,43.3,None
2025-04,86,28.6,50.3,None
2025-04,87,30.0,35.6,None
2025-04,88,28.2,52.7,None
2025-04,89,29.1,44.6,None
2025-04,90,28.9,46.0,None
2025-04,91,29.6,39.3,None
2025-04,92,28.5,50.2,None
2025-04,93,29.4,41.1,None
2025-04,94,28.3,52.0,None
2025-04,95,29.7,36.8,None
2025-04,96,28.8,43.2,None
2025-04,97,29.2,40.9,None
2025-04,98,28.6,46.6,None
2025-04,99,29.9,34.5,None
2025-04,100,28.4,51.0,None
2025-04,101,29.5,37.7,None
2025-04,102,28.1,54.1,None
2025-04,103,29.8,36.3,None
2025-04,104,29.0,43.9,None
2025-04,105,28.7,46.6,None
2025-04,106,29.3,43.7,None
2025-04,107,28.6,50.7,None
2025-04,108,30.0,36.0,None
2025-04,109,28.2,53.1,None
2025-04,110,29.1,45.0,None
2025-04,111,28.9,45.6,None
2025-04,112,29.6,39.7,None
2025-04,113,28.5,50.6,None
2025-04,114,29.4,40.7,None
2025-04,115,28.3,52.4,None
2025-04,116,29.7,37.2,None
2025-04,117,28.8,42.8,None
2025-04,118,29.2,40.5,None
2025-04,119,28.6,46.2,None
2025-04,120,29.9,34.9,None
2025-04,121,28.4,51.4,None
2025-04,122,29.5,37.3,None
2025-04,123,28.1,54.5,None
2025-04,124,29.8,36.7,None
2025-04,125,29.0,43.5,None
2025-04,126,28.7,46.2,None
2025-04,127,29.3,44.1,None
2025-04,128,28.6,51.1,None
2025-04,129,30.0,36.4,None
2025-04,130,28.2,53.5,None
2025-04,131,29.1,45.4,None
2025-04,132,28.9,45.2,None
2025-04,133,29.6,40.1,None
2025-04,134,28.5,51.0,None
2025-04,135,29.4,40.3,None
2025-04,136,28.3,52.8,None
2025-04,137,29.7,37.6,None
2025-04,138,28.8,42.4,None
2025-04,139,29.2,40.1,None
2025-04,140,28.6,45.8,None
2025-04,141,29.9,35.3,None
2025-04,142,28.4,51.8,None
2025-04,143,29.5,36.9,None
2025-04,144,28.1,54.9,None
2025-04,145,29.8,37.1,None
2025-04,146,29.0,43.1,None
2025-04,147,28.7,45.8,None
2025-04,148,29.3,44.5,None
2025-04,149,28.6,51.5,None
2025-04,150,30.0,36.8,None
2025-04,151,28.2,53.9,None
2025-04,152,29.1,45.8,None
2025-04,153,28.9,44.8,None
2025-04,154,29.6,40.5,None
2025-04,155,28.5,51.4,None
2025-04,156,29.4,39.9,None
2025-04,157,28.3,53.2,None
2025-04,158,29.7,38.0,None
2025-04,159,28.8,42.0,None
2025-04,160,29.2,39.7,None
2025-04,161,28.6,45.4,None
2025-04,162,29.9,35.7,None
2025-04,163,28.4,52.2,None
2025-04,164,29.5,36.5,None
2025-04,165,28.1,55.3,None
2025-04,166,29.8,37.5,None
2025-04,167,29.0,42.7,None
2025-04,168,28.7,45.4,None
2025-04,169,29.3,44.9,None
2025-04,170,28.6,51.9,None
2025-04,171,30.0,37.2,None
2025-04,172,28.2,54.3,None
2025-04,173,29.1,46.2,None
2025-04,174,28.9,44.4,None
2025-04,175,29.6,40.9,None
2025-04,176,28.5,51.8,None
2025-04,177,29.4,39.5,None
2025-04,178,28.3,53.6,None
2025-04,179,29.7,38.4,None
2025-04,180,28.8,41.6,None
2025-04,181,29.2,39.3,None
2025-04,182,28.6,45.0,None
2025-04,183,29.9,36.1,None
2025-04,184,28.4,52.6,None
2025-04,185,29.5,36.1,None
2025-04,186,28.1,55.7,None
2025-04,187,29.8,37.9,None
2025-04,188,29.0,42.3,None
2025-04,189,28.7,45.0,None
2025-04,190,29.3,45.3,None
2025-04,191,28.6,52.3,None
2025-04,192,30.0,37.6,None
2025-04,193,28.2,54.7,None
2025-04,194,29.1,46.6,None
2025-04,195,28.9,44.0,None
2025-04,196,29.6,41.3,None
2025-04,197,28.5,52.2,None
2025-04,198,29.4,39.1,None
2025-05,1,29.9,122.0,None
2025-05,2,30.3,113.7,None
2025-05,3,29.6,133.8,None
2025-05,4,30.6,108.4,None
2025-05,5,29.2,139.0,None
2025-05,6,30.8,104.3,None
2025-05,7,29.9,120.4,None
2025-05,8,29.7,126.6,None
2025-05,9,30.4,111.1,None
2025-05,10,29.5,135.5,None
2025-05,11,30.9,103.0,None
2025-05,12,29.3,137.6,None
2025-05,13,30.2,116.7,None
2025-05,14,29.8,124.0,None
2025-05,15,30.7,106.9,None
2025-05,16,29.4,136.2,None
2025-05,17,30.5,109.8,None
2025-05,18,29.1,140.3,None
2025-05,19,30.8,105.6,None
2025-05,20,30.0,121.1,None
2025-05,21,29.6,130.0,None
2025-05,22,30.3,114.4,None
2025-05,23,29.5,134.5,None
2025-05,24,31.0,102.3,None
2025-05,25,29.2,138.3,None
2025-05,26,30.1,119.1,None
2025-05,27,29.7,125.4,None
2025-05,28,30.6,108.0,None
2025-05,29,29.4,135.9,None
2025-05,30,30.4,112.7,None
2025-05,31,29.3,137.9,None
2025-05,32,30.7,106.2,None
2025-05,33,29.9,122.7,None
2025-05,34,29.8,127.8,None
2025-05,35,30.5,110.5,None
2025-05,36,29.5,135.2,None
2025-05,37,30.9,103.6,None
2025-05,38,29.1,139.6,None
2025-05,39,30.2,117.4,None
2025-05,40,29.6,128.9,None
2025-05,41,30.6,108.8,None
2025-05,42,29.3,137.2,None
2025-05,43,30.4,112.0,None
2025-05,44,34.2,80.1,Heatwave
2025-05,45,30.8,104.9,None
2025-05,46,30.0,120.0,None
2025-05,47,29.7,126.2,None
2025-05,48,30.3,113.5,None
2025-05,49,29.5,134.8,None
2025-05,50,31.1,101.5,None
2025-05,51,29.2,138.7,None
2025-05,52,30.1,118.4,None
2025-05,53,29.8,124.7,None
2025-05,54,30.7,107.3,None
2025-05,55,29.4,136.6,None
2025-05,56,30.5,110.9,None
2025-05,57,29.0,140.0,None
2025-05,58,30.9,103.9,None
2025-05,59,29.9,121.8,None
2025-05,60,29.6,129.3,None
2025-05,61,30.3,115.1,None
2025-05,62,29.5,135.0,None
2025-05,63,31.0,102.8,None
2025-05,64,29.2,138.0,None
2025-05,65,30.1,119.5,None
2025-05,66,29.7,125.8,None
2025-05,67,30.6,108.3,None
2025-05,68,29.4,136.3,None
2025-05,69,30.4,113.1,None
2025-05,70,29.3,137.5,None
2025-05,71,30.7,106.6,None
2025-05,72,29.8,123.4,None
2025-05,73,29.8,128.5,None
2025-05,74,30.5,111.3,None
2025-05,75,29.5,135.8,None
2025-05,76,30.9,104.0,None
2025-05,77,29.1,139.2,None
2025-05,78,30.2,118.0,None
2025-05,79,29.6,129.7,None
2025-05,80,30.6,109.1,None
2025-05,81,29.3,137.1,None
2025-05,82,30.4,112.4,None
2025-05,83,29.0,140.6,None
2025-05,84,30.8,105.3,None
2025-05,85,29.9,122.2,None
2025-05,86,29.7,127.3,None
2025-05,87,30.3,114.0,None
2025-05,88,29.5,134.1,None
2025-05,89,31.1,101.9,None
2025-05,90,29.2,138.9,None
2025-05,91,30.1,119.9,None
2025-05,92,29.8,126.3,None
2025-05,93,30.7,107.7,None
2025-05,94,29.4,136.9,None
2025-05,95,30.5,111.6,None
2025-05,96,29.0,139.5,None
2025-05,97,30.9,104.4,None
2025-05,98,29.9,121.4,None
2025-05,99,29.6,128.6,None
2025-05,100,30.3,115.8,None
2025-05,101,29.5,135.4,None
2025-05,102,31.0,102.7,None
2025-05,103,29.2,138.4,None
2025-05,104,30.1,118.8,None
2025-05,105,29.7,125.1,None
2025-05,106,30.6,108.7,None
2025-05,107,29.4,136.5,None
2025-05,108,30.4,113.4,None
2025-05,109,29.3,137.8,None
2025-05,110,30.7,106.5,None
2025-05,111,29.8,123.0,None
2025-05,112,29.8,128.1,None
2025-05,113,30.5,111.7,None
2025-05,114,29.5,135.7,None
2025-05,115,30.9,104.1,None
2025-05,116,29.1,139.1,None
2025-05,117,30.2,118.3,None
2025-05,118,29.6,129.9,None
2025-05,119,30.6,109.5,None
2025-05,120,29.3,137.4,None
2025-05,121,30.4,112.8,None
2025-05,122,29.0,140.9,None
2025-05,123,30.8,105.7,None
2025-05,124,29.9,122.6,None
2025-05,125,29.7,127.7,None
2025-05,126,30.3,114.3,None
2025-05,127,29.5,134.4,None
2025-05,128,31.1,102.2,None
2025-05,129,29.2,139.3,None
2025-05,130,30.1,119.3,None
2025-05,131,29.8,126.7,None
2025-05,132,30.7,108.1,None
2025-05,133,29.4,136.8,None
2025-05,134,30.5,111.9,None
2025-05,135,29.0,139.9,None
2025-05,136,30.9,104.8,None
2025-05,137,29.9,121.0,None
2025-05,138,29.6,128.2,None
2025-05,139,30.3,115.4,None
2025-05,140,29.5,135.3,None
2025-05,141,31.0,103.1,None
2025-05,142,29.2,138.8,None
2025-05,143,30.1,118.1,None
2025-05,144,29.7,124.4,None
2025-05,145,30.6,108.3,None
2025-05,146,29.4,136.1,None
2025-05,147,30.4,113.8,None
2025-05,148,29.3,138.1,None
2025-05,149,30.7,106.8,None
2025-05,150,29.8,123.8,None
2025-05,151,29.8,129.0,None
2025-05,152,30.5,112.1,None
2025-05,153,29.5,136.0,None
2025-05,154,30.9,104.5,None
2025-05,155,29.1,138.6,None
2025-05,156,30.2,118.7,None
2025-05,157,29.6,129.2,None
2025-05,158,30.6,109.9,None
2025-05,159,29.3,137.7,None
2025-05,160,30.4,112.3,None
2025-05,161,29.0,140.2,None
2025-05,162,30.8,106.1,None
2025-05,163,29.9,122.9,None
2025-05,164,29.7,127.0,None
2025-05,165,30.3,113.6,None
2025-05,166,29.5,134.3,None
2025-05,167,31.1,102.6,None
2025-05,168,29.2,139.7,None
2025-05,169,30.1,119.6,None
2025-05,170,29.8,126.0,None
2025-05,171,30.7,108.5,None
2025-05,172,29.4,137.0,None
2025-05,173,30.5,111.2,None
2025-05,174,29.0,139.4,None
2025-05,175,30.9,105.2,None
2025-05,176,29.9,121.3,None
2025-05,177,29.6,128.5,None
2025-05,178,30.3,115.7,None
2025-05,179,29.5,135.6,None
2025-05,180,31.0,103.5,None
2025-05,181,29.2,138.2,None
2025-05,182,30.1,118.5,None
2025-05,183,29.7,124.8,None
2025-05,184,30.6,108.6,None
2025-05,185,29.4,136.4,None
2025-05,186,30.4,113.7,None
2025-05,187,29.3,138.5,None
2025-05,188,30.7,107.0,None
2025-05,189,29.8,124.2,None
2025-05,190,29.8,129.4,None
2025-05,191,30.5,112.5,None
2025-05,192,29.5,136.4,None
2025-05,193,30.9,104.9,None
2025-05,194,29.1,138.1,None
2025-05,195,30.2,119.0,None
2025-05,196,29.6,129.6,None
2025-05,197,30.6,110.3,None
2025-05,198,29.3,137.3,None